id,exp_num,exp_name
76422442,1,interleaved_incomplete
192489031,1,interleaved_incomplete
324224518,1,interleaved_incomplete
543099212,1,interleaved_incomplete
635786936,1,interleaved_incomplete
655719712,1,interleaved_incomplete
702985854,1,interleaved_incomplete
1063840667,1,interleaved_incomplete
1165296301,1,interleaved_incomplete
1309326174,1,interleaved_incomplete
1553648614,1,interleaved_incomplete
1935710962,1,interleaved_incomplete
2067780430,1,interleaved_incomplete
2203014523,1,interleaved_incomplete
2394388617,1,interleaved_incomplete
2584890232,1,interleaved_incomplete
2616747899,1,interleaved_incomplete
2683683758,1,interleaved_incomplete
2905075007,1,interleaved_incomplete
3035382826,1,interleaved_incomplete
3124592193,1,interleaved_incomplete
3313289158,1,interleaved_incomplete
3418277524,1,interleaved_incomplete
3518719767,1,interleaved_incomplete
4070968627,1,interleaved_incomplete
4107326272,1,interleaved_incomplete
4195685694,1,interleaved_incomplete
4291253057,1,interleaved_incomplete
4323106146,1,interleaved_incomplete
4333212715,1,interleaved_incomplete
4380434963,1,interleaved_incomplete
4769359215,1,interleaved_incomplete
4785418942,1,interleaved_incomplete
4844170341,1,interleaved_incomplete
4992622137,1,interleaved_incomplete
5074117519,1,interleaved_incomplete
5110469889,1,interleaved_incomplete
5158128055,1,interleaved_incomplete
5528890476,1,interleaved_incomplete
5690295193,1,interleaved_incomplete
5800504404,1,interleaved_incomplete
6205914374,1,interleaved_incomplete
6217730760,1,interleaved_incomplete
6420511519,1,interleaved_incomplete
6660226472,1,interleaved_incomplete
6713832098,1,interleaved_incomplete
6961365643,1,interleaved_incomplete
7003179804,1,interleaved_incomplete
7158154241,1,interleaved_incomplete
7202981021,1,interleaved_incomplete
7203503341,1,interleaved_incomplete
7279099150,1,interleaved_incomplete
7314120567,1,interleaved_incomplete
7370032445,1,interleaved_incomplete
7392939566,1,interleaved_incomplete
7575835328,1,interleaved_incomplete
7583986696,1,interleaved_incomplete
7664158155,1,interleaved_incomplete
7772647891,1,interleaved_incomplete
8016874578,1,interleaved_incomplete
8083645511,1,interleaved_incomplete
8114113828,1,interleaved_incomplete
8182125086,1,interleaved_incomplete
8364843592,1,interleaved_incomplete
8526863004,1,interleaved_incomplete
8560242092,1,interleaved_incomplete
9012908179,1,interleaved_incomplete
9248796743,1,interleaved_incomplete
9273359932,1,interleaved_incomplete
9336668971,1,interleaved_incomplete
9463643435,1,interleaved_incomplete
9744488832,1,interleaved_incomplete
9758317569,1,interleaved_incomplete
9780044600,1,interleaved_incomplete
9892290269,1,interleaved_incomplete
9993589139,1,interleaved_incomplete
140293694,2,block_incomplete
194213254,2,block_incomplete
408206757,2,block_incomplete
531387275,2,block_incomplete
624469757,2,block_incomplete
814845948,2,block_incomplete
930429180,2,block_incomplete
1122278364,2,block_incomplete
1438023504,2,block_incomplete
1597280050,2,block_incomplete
1885851424,2,block_incomplete
1941835579,2,block_incomplete
2057587401,2,block_incomplete
2071429178,2,block_incomplete
2153297900,2,block_incomplete
2487748872,2,block_incomplete
2508418298,2,block_incomplete
2551952153,2,block_incomplete
2622590948,2,block_incomplete
2628958514,2,block_incomplete
2699024402,2,block_incomplete
2710350082,2,block_incomplete
2794928037,2,block_incomplete
3023757344,2,block_incomplete
3880990888,2,block_incomplete
4434931766,2,block_incomplete
4464356239,2,block_incomplete
4533858826,2,block_incomplete
4858994299,2,block_incomplete
5392681332,2,block_incomplete
5614418768,2,block_incomplete
5793082543,2,block_incomplete
5832567076,2,block_incomplete
5840068111,2,block_incomplete
5986267318,2,block_incomplete
6116588641,2,block_incomplete
6227672254,2,block_incomplete
6392030387,2,block_incomplete
6543824301,2,block_incomplete
6605096819,2,block_incomplete
6666393578,2,block_incomplete
6684258137,2,block_incomplete
6861165173,2,block_incomplete
6961060772,2,block_incomplete
6986662253,2,block_incomplete
7002711612,2,block_incomplete
7058000525,2,block_incomplete
7474998975,2,block_incomplete
7543055076,2,block_incomplete
7855270383,2,block_incomplete
8044754333,2,block_incomplete
8095636190,2,block_incomplete
8180868549,2,block_incomplete
8188354968,2,block_incomplete
8571345777,2,block_incomplete
8602551616,2,block_incomplete
8715509034,2,block_incomplete
8729733425,2,block_incomplete
8882232135,2,block_incomplete
8996250566,2,block_incomplete
9077152405,2,block_incomplete
9365330294,2,block_incomplete
9424643489,2,block_incomplete
9452068889,2,block_incomplete
9681543555,2,block_incomplete
9769568586,2,block_incomplete
9778966139,2,block_incomplete
9863643380,2,block_incomplete
9910806450,2,block_incomplete
9937017794,2,block_incomplete
9946138779,2,block_incomplete
73724563,3,block_complete
140716824,3,block_complete
159914671,3,block_complete
292465604,3,block_complete
302662617,3,block_complete
485387700,3,block_complete
527463295,3,block_complete
538834479,3,block_complete
597181133,3,block_complete
924835248,3,block_complete
1131714999,3,block_complete
1174795700,3,block_complete
1180527555,3,block_complete
1193652505,3,block_complete
1386068581,3,block_complete
1417038595,3,block_complete
1625225209,3,block_complete
1644853008,3,block_complete
1681604433,3,block_complete
1735261667,3,block_complete
1782608892,3,block_complete
1996401239,3,block_complete
2112416812,3,block_complete
2159355233,3,block_complete
2205695617,3,block_complete
2248486391,3,block_complete
2425314803,3,block_complete
2501877954,3,block_complete
2505424078,3,block_complete
2574218316,3,block_complete
2656619196,3,block_complete
2854774464,3,block_complete
2914073961,3,block_complete
2964956994,3,block_complete
3318883424,3,block_complete
3325406994,3,block_complete
3498203126,3,block_complete
3552414527,3,block_complete
3644175643,3,block_complete
3884054825,3,block_complete
3931951316,3,block_complete
3961533162,3,block_complete
4028972236,3,block_complete
4525251743,3,block_complete
4573220594,3,block_complete
4654212483,3,block_complete
4826204923,3,block_complete
4884548637,3,block_complete
5025301979,3,block_complete
5216579055,3,block_complete
5716272819,3,block_complete
5892663734,3,block_complete
5930585079,3,block_complete
5973010244,3,block_complete
5994979349,3,block_complete
6017802110,3,block_complete
6092311791,3,block_complete
6535203292,3,block_complete
6866710571,3,block_complete
6944134479,3,block_complete
7016487012,3,block_complete
7033271390,3,block_complete
7034981248,3,block_complete
7035579695,3,block_complete
7135376641,3,block_complete
7253618055,3,block_complete
7312552984,3,block_complete
7364750782,3,block_complete
7404554966,3,block_complete
7431060062,3,block_complete
7553473373,3,block_complete
7690287233,3,block_complete
7808118576,3,block_complete
8049582591,3,block_complete
8287681369,3,block_complete
8399659739,3,block_complete
8441021092,3,block_complete
8556440013,3,block_complete
8833192112,3,block_complete
8887894370,3,block_complete
8942483746,3,block_complete
9620892707,3,block_complete
9943429606,3,block_complete
1108836,4,block_complete_simple
48792589,4,block_complete_simple
90015198,4,block_complete_simple
218994630,4,block_complete_simple
368457039,4,block_complete_simple
442878355,4,block_complete_simple
550272957,4,block_complete_simple
582861850,4,block_complete_simple
595508711,4,block_complete_simple
597981193,4,block_complete_simple
621642223,4,block_complete_simple
648426026,4,block_complete_simple
873546518,4,block_complete_simple
967153395,4,block_complete_simple
992350175,4,block_complete_simple
1355082117,4,block_complete_simple
1404839795,4,block_complete_simple
1646393195,4,block_complete_simple
1891159546,4,block_complete_simple
1925322831,4,block_complete_simple
2192082400,4,block_complete_simple
2212675668,4,block_complete_simple
2243562358,4,block_complete_simple
2355484161,4,block_complete_simple
2411291062,4,block_complete_simple
2415969836,4,block_complete_simple
2441926547,4,block_complete_simple
2611274142,4,block_complete_simple
2611987421,4,block_complete_simple
2747929965,4,block_complete_simple
2872656356,4,block_complete_simple
2943081445,4,block_complete_simple
2998674400,4,block_complete_simple
2999659995,4,block_complete_simple
3081381160,4,block_complete_simple
3344198162,4,block_complete_simple
3490395612,4,block_complete_simple
3588885474,4,block_complete_simple
3654455906,4,block_complete_simple
3725083710,4,block_complete_simple
3881872107,4,block_complete_simple
3993379848,4,block_complete_simple
4042033537,4,block_complete_simple
4088027894,4,block_complete_simple
4315964876,4,block_complete_simple
4414380563,4,block_complete_simple
4594421250,4,block_complete_simple
4904692266,4,block_complete_simple
4998958958,4,block_complete_simple
5153081306,4,block_complete_simple
5371701186,4,block_complete_simple
5415380354,4,block_complete_simple
5594750071,4,block_complete_simple
5967314420,4,block_complete_simple
5982509183,4,block_complete_simple
6535091015,4,block_complete_simple
6550864538,4,block_complete_simple
6723349976,4,block_complete_simple
6909224598,4,block_complete_simple
6959402086,4,block_complete_simple
7012446415,4,block_complete_simple
7245213734,4,block_complete_simple
7252118082,4,block_complete_simple
7637711366,4,block_complete_simple
7663145935,4,block_complete_simple
7783335910,4,block_complete_simple
7919854825,4,block_complete_simple
7985901645,4,block_complete_simple
8073303234,4,block_complete_simple
8275818541,4,block_complete_simple
8424328749,4,block_complete_simple
8454264799,4,block_complete_simple
8599388143,4,block_complete_simple
8654275178,4,block_complete_simple
8715158374,4,block_complete_simple
8778424626,4,block_complete_simple
8902204865,4,block_complete_simple
9005673772,4,block_complete_simple
9062212738,4,block_complete_simple
9065967467,4,block_complete_simple
9466491302,4,block_complete_simple
9614256305,4,block_complete_simple
9619549991,4,block_complete_simple
9634284919,4,block_complete_simple
9725707173,4,block_complete_simple
9768578201,4,block_complete_simple
9771221088,4,block_complete_simple
9923207338,4,block_complete_simple
63347449,5,block_complete_mixed
276331577,5,block_complete_mixed
488938808,5,block_complete_mixed
516238557,5,block_complete_mixed
606870601,5,block_complete_mixed
634081070,5,block_complete_mixed
640603376,5,block_complete_mixed
898376521,5,block_complete_mixed
1062219069,5,block_complete_mixed
1067651383,5,block_complete_mixed
1114395372,5,block_complete_mixed
1256625503,5,block_complete_mixed
1345834400,5,block_complete_mixed
1410921446,5,block_complete_mixed
1838459966,5,block_complete_mixed
1872878745,5,block_complete_mixed
1879919801,5,block_complete_mixed
1900800062,5,block_complete_mixed
2031328771,5,block_complete_mixed
2340383061,5,block_complete_mixed
2381971778,5,block_complete_mixed
2493475508,5,block_complete_mixed
2694397415,5,block_complete_mixed
2948196849,5,block_complete_mixed
2958638844,5,block_complete_mixed
2983526935,5,block_complete_mixed
3190405317,5,block_complete_mixed
3368790612,5,block_complete_mixed
3429508147,5,block_complete_mixed
3768525058,5,block_complete_mixed
3808156870,5,block_complete_mixed
4276413360,5,block_complete_mixed
4351474761,5,block_complete_mixed
4436650833,5,block_complete_mixed
4917582734,5,block_complete_mixed
5146235238,5,block_complete_mixed
5429484593,5,block_complete_mixed
5504238612,5,block_complete_mixed
5639209336,5,block_complete_mixed
5755226054,5,block_complete_mixed
5888205169,5,block_complete_mixed
5954135188,5,block_complete_mixed
5995168617,5,block_complete_mixed
5999158135,5,block_complete_mixed
6430650625,5,block_complete_mixed
6476824961,5,block_complete_mixed
6536250267,5,block_complete_mixed
6575091711,5,block_complete_mixed
6746510839,5,block_complete_mixed
6818692359,5,block_complete_mixed
6913892173,5,block_complete_mixed
7136320229,5,block_complete_mixed
7206312630,5,block_complete_mixed
7251742556,5,block_complete_mixed
7253882370,5,block_complete_mixed
7361012428,5,block_complete_mixed
7644399462,5,block_complete_mixed
7690973318,5,block_complete_mixed
7805444822,5,block_complete_mixed
7871387267,5,block_complete_mixed
8340034375,5,block_complete_mixed
8618778450,5,block_complete_mixed
8739638829,5,block_complete_mixed
8796272661,5,block_complete_mixed
8804881897,5,block_complete_mixed
8881494125,5,block_complete_mixed
9026819458,5,block_complete_mixed
9428971073,5,block_complete_mixed
9623733795,5,block_complete_mixed
9847129170,5,block_complete_mixed
9951360162,5,block_complete_mixed
188527757,6,block_complete_mixed_2s
300990329,6,block_complete_mixed_2s
354823815,6,block_complete_mixed_2s
444654289,6,block_complete_mixed_2s
777812866,6,block_complete_mixed_2s
905931326,6,block_complete_mixed_2s
1202407836,6,block_complete_mixed_2s
1347554112,6,block_complete_mixed_2s
1696551699,6,block_complete_mixed_2s
1771380314,6,block_complete_mixed_2s
1857576520,6,block_complete_mixed_2s
1915175753,6,block_complete_mixed_2s
2144241069,6,block_complete_mixed_2s
2439133310,6,block_complete_mixed_2s
2543302318,6,block_complete_mixed_2s
2635557376,6,block_complete_mixed_2s
2677868939,6,block_complete_mixed_2s
2912457949,6,block_complete_mixed_2s
3074826417,6,block_complete_mixed_2s
3199254034,6,block_complete_mixed_2s
3203386323,6,block_complete_mixed_2s
3279414582,6,block_complete_mixed_2s
3285005267,6,block_complete_mixed_2s
3960774710,6,block_complete_mixed_2s
4035293299,6,block_complete_mixed_2s
4485613355,6,block_complete_mixed_2s
5011453717,6,block_complete_mixed_2s
5049861308,6,block_complete_mixed_2s
5372657539,6,block_complete_mixed_2s
5383854353,6,block_complete_mixed_2s
5405165472,6,block_complete_mixed_2s
5743173355,6,block_complete_mixed_2s
5806943686,6,block_complete_mixed_2s
6049056249,6,block_complete_mixed_2s
6093260441,6,block_complete_mixed_2s
6528988416,6,block_complete_mixed_2s
6731022753,6,block_complete_mixed_2s
6810371132,6,block_complete_mixed_2s
6841577798,6,block_complete_mixed_2s
6904022065,6,block_complete_mixed_2s
6908257316,6,block_complete_mixed_2s
6951035408,6,block_complete_mixed_2s
7015256399,6,block_complete_mixed_2s
7327640563,6,block_complete_mixed_2s
7351421053,6,block_complete_mixed_2s
7394137780,6,block_complete_mixed_2s
7538227545,6,block_complete_mixed_2s
7623550389,6,block_complete_mixed_2s
7986889810,6,block_complete_mixed_2s
8197618914,6,block_complete_mixed_2s
8337296857,6,block_complete_mixed_2s
8445662418,6,block_complete_mixed_2s
8521713127,6,block_complete_mixed_2s
8611075408,6,block_complete_mixed_2s
8801581661,6,block_complete_mixed_2s
8817187159,6,block_complete_mixed_2s
9174604198,6,block_complete_mixed_2s
9271663789,6,block_complete_mixed_2s
9369701449,6,block_complete_mixed_2s
9485603989,6,block_complete_mixed_2s
9539797135,6,block_complete_mixed_2s
9557542668,6,block_complete_mixed_2s
9562679517,6,block_complete_mixed_2s
9826461572,6,block_complete_mixed_2s
9910785139,6,block_complete_mixed_2s
9977205690,6,block_complete_mixed_2s
124627775,7,block_complete_mixed_2s_amb_heuristic
556153023,7,block_complete_mixed_2s_amb_heuristic
895819631,7,block_complete_mixed_2s_amb_heuristic
932727537,7,block_complete_mixed_2s_amb_heuristic
971363531,7,block_complete_mixed_2s_amb_heuristic
1129813446,7,block_complete_mixed_2s_amb_heuristic
1305386577,7,block_complete_mixed_2s_amb_heuristic
1309282192,7,block_complete_mixed_2s_amb_heuristic
1422105023,7,block_complete_mixed_2s_amb_heuristic
1497137283,7,block_complete_mixed_2s_amb_heuristic
1601562752,7,block_complete_mixed_2s_amb_heuristic
1653285084,7,block_complete_mixed_2s_amb_heuristic
1711699235,7,block_complete_mixed_2s_amb_heuristic
1792907471,7,block_complete_mixed_2s_amb_heuristic
1903113878,7,block_complete_mixed_2s_amb_heuristic
2068770643,7,block_complete_mixed_2s_amb_heuristic
2170795756,7,block_complete_mixed_2s_amb_heuristic
2388696261,7,block_complete_mixed_2s_amb_heuristic
2565632698,7,block_complete_mixed_2s_amb_heuristic
2680033910,7,block_complete_mixed_2s_amb_heuristic
2717107589,7,block_complete_mixed_2s_amb_heuristic
2862428034,7,block_complete_mixed_2s_amb_heuristic
2953267423,7,block_complete_mixed_2s_amb_heuristic
3080877510,7,block_complete_mixed_2s_amb_heuristic
3138021066,7,block_complete_mixed_2s_amb_heuristic
3370439916,7,block_complete_mixed_2s_amb_heuristic
3396351285,7,block_complete_mixed_2s_amb_heuristic
3408928838,7,block_complete_mixed_2s_amb_heuristic
3420592490,7,block_complete_mixed_2s_amb_heuristic
3567940640,7,block_complete_mixed_2s_amb_heuristic
4006287821,7,block_complete_mixed_2s_amb_heuristic
4316691939,7,block_complete_mixed_2s_amb_heuristic
4436707772,7,block_complete_mixed_2s_amb_heuristic
4581296342,7,block_complete_mixed_2s_amb_heuristic
4891453072,7,block_complete_mixed_2s_amb_heuristic
5399953484,7,block_complete_mixed_2s_amb_heuristic
5462758803,7,block_complete_mixed_2s_amb_heuristic
5838699269,7,block_complete_mixed_2s_amb_heuristic
6126703028,7,block_complete_mixed_2s_amb_heuristic
6294140484,7,block_complete_mixed_2s_amb_heuristic
6296042468,7,block_complete_mixed_2s_amb_heuristic
6321947906,7,block_complete_mixed_2s_amb_heuristic
6437422550,7,block_complete_mixed_2s_amb_heuristic
6688304650,7,block_complete_mixed_2s_amb_heuristic
6722069266,7,block_complete_mixed_2s_amb_heuristic
6806590155,7,block_complete_mixed_2s_amb_heuristic
6825679082,7,block_complete_mixed_2s_amb_heuristic
7102624807,7,block_complete_mixed_2s_amb_heuristic
7307912971,7,block_complete_mixed_2s_amb_heuristic
7508687344,7,block_complete_mixed_2s_amb_heuristic
7836267890,7,block_complete_mixed_2s_amb_heuristic
7891830409,7,block_complete_mixed_2s_amb_heuristic
7904127446,7,block_complete_mixed_2s_amb_heuristic
8057763368,7,block_complete_mixed_2s_amb_heuristic
8219362488,7,block_complete_mixed_2s_amb_heuristic
8328923420,7,block_complete_mixed_2s_amb_heuristic
8502574211,7,block_complete_mixed_2s_amb_heuristic
8806433868,7,block_complete_mixed_2s_amb_heuristic
8881045124,7,block_complete_mixed_2s_amb_heuristic
9078693205,7,block_complete_mixed_2s_amb_heuristic
9110758836,7,block_complete_mixed_2s_amb_heuristic
9203335703,7,block_complete_mixed_2s_amb_heuristic
9231317773,7,block_complete_mixed_2s_amb_heuristic
9327136957,7,block_complete_mixed_2s_amb_heuristic
9381303093,7,block_complete_mixed_2s_amb_heuristic
9593063154,7,block_complete_mixed_2s_amb_heuristic
9594284875,7,block_complete_mixed_2s_amb_heuristic
9621262807,7,block_complete_mixed_2s_amb_heuristic
9723316559,7,block_complete_mixed_2s_amb_heuristic
9786937354,7,block_complete_mixed_2s_amb_heuristic
9997019496,7,block_complete_mixed_2s_amb_heuristic
6287760,8,block_complete_mixed_2s_amb_final
115880576,8,block_complete_mixed_2s_amb_final
174379249,8,block_complete_mixed_2s_amb_final
493670212,8,block_complete_mixed_2s_amb_final
555841640,8,block_complete_mixed_2s_amb_final
679342311,8,block_complete_mixed_2s_amb_final
682781464,8,block_complete_mixed_2s_amb_final
754140344,8,block_complete_mixed_2s_amb_final
827700034,8,block_complete_mixed_2s_amb_final
864793406,8,block_complete_mixed_2s_amb_final
866960181,8,block_complete_mixed_2s_amb_final
1429447083,8,block_complete_mixed_2s_amb_final
1555623048,8,block_complete_mixed_2s_amb_final
1594257161,8,block_complete_mixed_2s_amb_final
1683634926,8,block_complete_mixed_2s_amb_final
1997570396,8,block_complete_mixed_2s_amb_final
2224134584,8,block_complete_mixed_2s_amb_final
2366627003,8,block_complete_mixed_2s_amb_final
2423593663,8,block_complete_mixed_2s_amb_final
2433227782,8,block_complete_mixed_2s_amb_final
2447133309,8,block_complete_mixed_2s_amb_final
2449389297,8,block_complete_mixed_2s_amb_final
2545250089,8,block_complete_mixed_2s_amb_final
2848994567,8,block_complete_mixed_2s_amb_final
2944568284,8,block_complete_mixed_2s_amb_final
3086614616,8,block_complete_mixed_2s_amb_final
3247728848,8,block_complete_mixed_2s_amb_final
3352450561,8,block_complete_mixed_2s_amb_final
3455124258,8,block_complete_mixed_2s_amb_final
3508738566,8,block_complete_mixed_2s_amb_final
3838199660,8,block_complete_mixed_2s_amb_final
3996261949,8,block_complete_mixed_2s_amb_final
4038740691,8,block_complete_mixed_2s_amb_final
4588512244,8,block_complete_mixed_2s_amb_final
4736469272,8,block_complete_mixed_2s_amb_final
4838985527,8,block_complete_mixed_2s_amb_final
5050356783,8,block_complete_mixed_2s_amb_final
5170252380,8,block_complete_mixed_2s_amb_final
5433564743,8,block_complete_mixed_2s_amb_final
5579845501,8,block_complete_mixed_2s_amb_final
5613969898,8,block_complete_mixed_2s_amb_final
5649369787,8,block_complete_mixed_2s_amb_final
5690927936,8,block_complete_mixed_2s_amb_final
5982435340,8,block_complete_mixed_2s_amb_final
6355793859,8,block_complete_mixed_2s_amb_final
6372250392,8,block_complete_mixed_2s_amb_final
6488587354,8,block_complete_mixed_2s_amb_final
6787578972,8,block_complete_mixed_2s_amb_final
6799847552,8,block_complete_mixed_2s_amb_final
6851548502,8,block_complete_mixed_2s_amb_final
6923086110,8,block_complete_mixed_2s_amb_final
6953109664,8,block_complete_mixed_2s_amb_final
7299640113,8,block_complete_mixed_2s_amb_final
7416204135,8,block_complete_mixed_2s_amb_final
7941021709,8,block_complete_mixed_2s_amb_final
7999388346,8,block_complete_mixed_2s_amb_final
8004108614,8,block_complete_mixed_2s_amb_final
8048994010,8,block_complete_mixed_2s_amb_final
8076274595,8,block_complete_mixed_2s_amb_final
8360504020,8,block_complete_mixed_2s_amb_final
8499008814,8,block_complete_mixed_2s_amb_final
8612438948,8,block_complete_mixed_2s_amb_final
8743240180,8,block_complete_mixed_2s_amb_final
8792895060,8,block_complete_mixed_2s_amb_final
8911929604,8,block_complete_mixed_2s_amb_final
9097733798,8,block_complete_mixed_2s_amb_final
9174613849,8,block_complete_mixed_2s_amb_final
9424581135,8,block_complete_mixed_2s_amb_final
9548373533,8,block_complete_mixed_2s_amb_final
9602440669,8,block_complete_mixed_2s_amb_final
9774420013,8,block_complete_mixed_2s_amb_final
9796288036,8,block_complete_mixed_2s_amb_final
9978489779,8,block_complete_mixed_2s_amb_final
64983248,9,incentivize
327106100,9,incentivize
451247451,9,incentivize
548521417,9,incentivize
711361880,9,incentivize
942561113,9,incentivize
1175093423,9,incentivize
1179698444,9,incentivize
1199712216,9,incentivize
1306587537,9,incentivize
1848711025,9,incentivize
1874870874,9,incentivize
1993714535,9,incentivize
2175245425,9,incentivize
2176807974,9,incentivize
2349096848,9,incentivize
2396060880,9,incentivize
2514071168,9,incentivize
2597986135,9,incentivize
3020633344,9,incentivize
3037623668,9,incentivize
3056212386,9,incentivize
3118020759,9,incentivize
3236850434,9,incentivize
3456422038,9,incentivize
3659813468,9,incentivize
3665348004,9,incentivize
3685005911,9,incentivize
3709931545,9,incentivize
3818875866,9,incentivize
3834157142,9,incentivize
3955575119,9,incentivize
4267856622,9,incentivize
4358519483,9,incentivize
4455333223,9,incentivize
4503574518,9,incentivize
4566989390,9,incentivize
4598125870,9,incentivize
4774452086,9,incentivize
4790264444,9,incentivize
4890039420,9,incentivize
5034615646,9,incentivize
5306186128,9,incentivize
5830500556,9,incentivize
6089393947,9,incentivize
6140819787,9,incentivize
6163727417,9,incentivize
6226104004,9,incentivize
6276030006,9,incentivize
6332760676,9,incentivize
6474111328,9,incentivize
6516244778,9,incentivize
6628526993,9,incentivize
6912086824,9,incentivize
6955301306,9,incentivize
7079679999,9,incentivize
7181569715,9,incentivize
7185723110,9,incentivize
7219065843,9,incentivize
7706149731,9,incentivize
7988302469,9,incentivize
8438154417,9,incentivize
8621572779,9,incentivize
8708639890,9,incentivize
8866197151,9,incentivize
9052886980,9,incentivize
9153447604,9,incentivize
9335629089,9,incentivize
9429152965,9,incentivize
9442488174,9,incentivize
9593451621,9,incentivize
9691956658,9,incentivize
9761824316,9,incentivize
9857490689,9,incentivize
23089611,10,evoutcome
45248256,10,evoutcome
163433636,10,evoutcome
173652299,10,evoutcome
175879982,10,evoutcome
487485987,10,evoutcome
489382625,10,evoutcome
555197473,10,evoutcome
669287873,10,evoutcome
686816692,10,evoutcome
1114967450,10,evoutcome
1408995461,10,evoutcome
1542112125,10,evoutcome
1570637358,10,evoutcome
1583238556,10,evoutcome
1597005115,10,evoutcome
1616553926,10,evoutcome
1626705992,10,evoutcome
1646603397,10,evoutcome
1680717840,10,evoutcome
1808630226,10,evoutcome
1971026335,10,evoutcome
2513314294,10,evoutcome
2529416989,10,evoutcome
2670651013,10,evoutcome
2702783100,10,evoutcome
2713514193,10,evoutcome
2873631243,10,evoutcome
2877840126,10,evoutcome
3348534318,10,evoutcome
3416557701,10,evoutcome
3462964984,10,evoutcome
3587227034,10,evoutcome
3848745896,10,evoutcome
4189101060,10,evoutcome
4340114950,10,evoutcome
4403964115,10,evoutcome
4474507893,10,evoutcome
4835212369,10,evoutcome
4863787572,10,evoutcome
4984169042,10,evoutcome
5273948158,10,evoutcome
5402065418,10,evoutcome
5637142883,10,evoutcome
5637370252,10,evoutcome
5910679978,10,evoutcome
6076983056,10,evoutcome
6155405431,10,evoutcome
6235397863,10,evoutcome
6347978744,10,evoutcome
6495061992,10,evoutcome
6578568114,10,evoutcome
6589786623,10,evoutcome
6699414038,10,evoutcome
6817163076,10,evoutcome
6844030990,10,evoutcome
6943818446,10,evoutcome
6969578437,10,evoutcome
7032644515,10,evoutcome
7222189610,10,evoutcome
7409609865,10,evoutcome
7414853338,10,evoutcome
7443813581,10,evoutcome
7745018530,10,evoutcome
7766629528,10,evoutcome
7850537733,10,evoutcome
8097062057,10,evoutcome
8213510552,10,evoutcome
8497014965,10,evoutcome
8763796642,10,evoutcome
8869379277,10,evoutcome
8873259830,10,evoutcome
8937672902,10,evoutcome
8966807003,10,evoutcome
8995343439,10,evoutcome
9049475133,10,evoutcome
9195332330,10,evoutcome
9391982197,10,evoutcome
9484643174,10,evoutcome
9719041872,10,evoutcome
