id,exp_num,exp_name,prolific_id
76422442,1,interleaved_incomplete,5d30c0f46cc6bd0020882925
192489031,1,interleaved_incomplete,5d3ebe453a0c0100162313b9
324224518,1,interleaved_incomplete,5d3ebb0d64c213001ad49fb0
543099212,1,interleaved_incomplete,5cd875edf7470b0016e9ca83
635786936,1,interleaved_incomplete,5d0bccb311a6b5001588347b
655719712,1,interleaved_incomplete,5b0abc9ce9270900013b950d
702985854,1,interleaved_incomplete,5d3f020cfd9694001a2d1a1c
1063840667,1,interleaved_incomplete,5cd4a022bde9b20001a53015
1165296301,1,interleaved_incomplete,562a8b949e2b900012006e88
1309326174,1,interleaved_incomplete,5c42329384ef0f00011882ca
1553648614,1,interleaved_incomplete,5bb5dd2c72603000015a9bf2
1935710962,1,interleaved_incomplete,5d30b98eb8f4a500193ce6c6
2067780430,1,interleaved_incomplete,5c06e9fa0ea1410001a9c28a@email.prolific.ac
2203014523,1,interleaved_incomplete,5d3aff5fb5718a001904af93
2394388617,1,interleaved_incomplete,5980ce371815040001e6917b
2584890232,1,interleaved_incomplete,5d0e1dbfa8646d0001c1a0a4
2616747899,1,interleaved_incomplete,5c96d50457607500019b79e4
2683683758,1,interleaved_incomplete,5b751284f20ba900019cd355
2905075007,1,interleaved_incomplete,5c9b51f6c45e300001c923db
3035382826,1,interleaved_incomplete,5d30e6ef53416100199ad7bf
3124592193,1,interleaved_incomplete,5b616f452696a70001ef1467
3313289158,1,interleaved_incomplete,5d30c81f5f791a001fb95cae
3418277524,1,interleaved_incomplete,56c8a2ca1d066b00064738be
3518719767,1,interleaved_incomplete,5852a18d733c730001a5c9cd
4070968627,1,interleaved_incomplete,5c883249afd58300172d210f
4107326272,1,interleaved_incomplete,5c014fac55614800012adec7
4195685694,1,interleaved_incomplete,5d18be141cadff00189b940f
4291253057,1,interleaved_incomplete,5c4b761e34ee9300011ccf19
4323106146,1,interleaved_incomplete,5bb24651a2fec100011ce50f
4333212715,1,interleaved_incomplete,5ac42832436f550001ffcf2c
4380434963,1,interleaved_incomplete,5d2e5074565e1200197efd25
4769359215,1,interleaved_incomplete,5c15987500b8ee0001d0e380
4785418942,1,interleaved_incomplete,5c9ab388a7c8ea001622a0e1
4844170341,1,interleaved_incomplete,5d30b94628b06900195d305e
4992622137,1,interleaved_incomplete,5d0f5ed255f0c7001934648d
5074117519,1,interleaved_incomplete,5c13b9223b61bc00016b29f8
5110469889,1,interleaved_incomplete,5d3ef88dbaf11000191edae4
5158128055,1,interleaved_incomplete,5c0d8ff5395bab0001ef0f0e
5528890476,1,interleaved_incomplete,5bf5afd9ec7b5f00015a0cee
5690295193,1,interleaved_incomplete,5bef856d1e78580001dc0467
5800504404,1,interleaved_incomplete,5cf4f88aada72300156a4432
6205914374,1,interleaved_incomplete,5c74c6665e5cf50001e0fc9e
6217730760,1,interleaved_incomplete,5c88295bbae6c40014f59382
6420511519,1,interleaved_incomplete,5c49c9ebe02ead00019b0a5b
6660226472,1,interleaved_incomplete,5b3a3ef3c49ecb00010a7d12
6713832098,1,interleaved_incomplete,59dbb9f26100f90001949f21
6961365643,1,interleaved_incomplete,5d23b9bc3e72cb0001a4e024
7003179804,1,interleaved_incomplete,5cadfbb23b07550017e2eb90
7158154241,1,interleaved_incomplete,5c9f6299192c1c0012f3be80
7202981021,1,interleaved_incomplete,5bed4a41806e560001a429b1
7203503341,1,interleaved_incomplete,5d307f69f19fe50001a23701
7279099150,1,interleaved_incomplete,5c0bdf56b65da90001a9cef1
7314120567,1,interleaved_incomplete,5d3ec98133c2b2001920294d
7370032445,1,interleaved_incomplete,5cd2669aa0d4c60001219dbd
7392939566,1,interleaved_incomplete,5cf2250935933a0001fdba2d
7575835328,1,interleaved_incomplete,5bb202b18aba5700017f36f6
7583986696,1,interleaved_incomplete,5cf93c2c4a580000168799df
7664158155,1,interleaved_incomplete,5b34eee8a2982a0001ddaf52
7772647891,1,interleaved_incomplete,5d3b3a2d615d49001a3fe8c1
8016874578,1,interleaved_incomplete,5ba7aa4ab9035a0001deb5ef
8083645511,1,interleaved_incomplete,5d35c8a7dffa5e00013cff3a
8114113828,1,interleaved_incomplete,5d30c6a98c13a90015651c44
8182125086,1,interleaved_incomplete,5cdf4a45c07328001a4c0153
8364843592,1,interleaved_incomplete,5d3f1485e4a75b0018fabac2
8526863004,1,interleaved_incomplete,ttp://app.prolific.co/verify-email/?i=UB0N3LKNNNY1
8560242092,1,interleaved_incomplete,5a73ecf4f660ae0001a9b89e
9012908179,1,interleaved_incomplete,5bb609520cb04c00014efb8a
9248796743,1,interleaved_incomplete,5d3f041878fd9900196234ed
9273359932,1,interleaved_incomplete,5c4254f4d77d7c000189ac0f
9336668971,1,interleaved_incomplete,5c1c2db20036740001e710f8
9463643435,1,interleaved_incomplete,5d1ddfeffb14a20018b5f7bb
9744488832,1,interleaved_incomplete,5a22f0e37413810001521d5c
9758317569,1,interleaved_incomplete,5d2eac390aca250001e9c3e1
9780044600,1,interleaved_incomplete,5c6244086937550001232ae6
9892290269,1,interleaved_incomplete,5d3c6e745602310001bca8aa
9993589139,1,interleaved_incomplete,5cc38ac29292570001fbd0ef
140293694,2,block_incomplete,nothing
194213254,2,block_incomplete,nothing
408206757,2,block_incomplete,nothing
531387275,2,block_incomplete,nothing
624469757,2,block_incomplete,nothing
814845948,2,block_incomplete,nothing
930429180,2,block_incomplete,nothing
1122278364,2,block_incomplete,nothing
1438023504,2,block_incomplete,nothing
1597280050,2,block_incomplete,nothing
1885851424,2,block_incomplete,nothing
1941835579,2,block_incomplete,nothing
2057587401,2,block_incomplete,nothing
2071429178,2,block_incomplete,nothing
2153297900,2,block_incomplete,nothing
2487748872,2,block_incomplete,nothing
2508418298,2,block_incomplete,nothing
2551952153,2,block_incomplete,nothing
2622590948,2,block_incomplete,nothing
2628958514,2,block_incomplete,nothing
2699024402,2,block_incomplete,nothing
2710350082,2,block_incomplete,nothing
2794928037,2,block_incomplete,nothing
3023757344,2,block_incomplete,nothing
3880990888,2,block_incomplete,nothing
4434931766,2,block_incomplete,nothing
4464356239,2,block_incomplete,nothing
4533858826,2,block_incomplete,nothing
4858994299,2,block_incomplete,nothing
5392681332,2,block_incomplete,nothing
5614418768,2,block_incomplete,nothing
5793082543,2,block_incomplete,nothing
5832567076,2,block_incomplete,nothing
5840068111,2,block_incomplete,nothing
5986267318,2,block_incomplete,nothing
6116588641,2,block_incomplete,nothing
6227672254,2,block_incomplete,nothing
6392030387,2,block_incomplete,nothing
6543824301,2,block_incomplete,nothing
6605096819,2,block_incomplete,nothing
6666393578,2,block_incomplete,nothing
6684258137,2,block_incomplete,nothing
6861165173,2,block_incomplete,nothing
6961060772,2,block_incomplete,nothing
6986662253,2,block_incomplete,nothing
7002711612,2,block_incomplete,nothing
7058000525,2,block_incomplete,nothing
7474998975,2,block_incomplete,nothing
7543055076,2,block_incomplete,nothing
7855270383,2,block_incomplete,nothing
8044754333,2,block_incomplete,nothing
8095636190,2,block_incomplete,nothing
8180868549,2,block_incomplete,nothing
8188354968,2,block_incomplete,nothing
8571345777,2,block_incomplete,nothing
8602551616,2,block_incomplete,nothing
8715509034,2,block_incomplete,nothing
8729733425,2,block_incomplete,nothing
8882232135,2,block_incomplete,nothing
8996250566,2,block_incomplete,nothing
9077152405,2,block_incomplete,nothing
9365330294,2,block_incomplete,nothing
9424643489,2,block_incomplete,nothing
9452068889,2,block_incomplete,nothing
9681543555,2,block_incomplete,nothing
9769568586,2,block_incomplete,nothing
9778966139,2,block_incomplete,nothing
9863643380,2,block_incomplete,nothing
9910806450,2,block_incomplete,nothing
9937017794,2,block_incomplete,nothing
9946138779,2,block_incomplete,nothing
73724563,3,block_complete,5d6e5f8d5b7b0c0001ee8954
140716824,3,block_complete,5cd096be41dacf001574fad0
159914671,3,block_complete,5d7389f193a945001a3ea504
292465604,3,block_complete,5d736618871bc1001b3b455b
302662617,3,block_complete,Ana Alberto
485387700,3,block_complete,5b490a944277fd0001f01af4
527463295,3,block_complete,5b9e401bf074140001051957
538834479,3,block_complete,5c88280dfdc63100156fce8e
597181133,3,block_complete,5c725b606908be0001b47b14
924835248,3,block_complete,5c97b5f7cff9b20017cae6ee
1131714999,3,block_complete,5c6eed7954a5ae000164af9b
1174795700,3,block_complete,5d153acb33ac2f000170542a
1180527555,3,block_complete,5d100920f62d000019977472
1193652505,3,block_complete,5d0505f9b944d800182b7779
1386068581,3,block_complete,5d6e7dad5483b9001623bf7d
1417038595,3,block_complete,5d754a0ae8351c0001f3ffc8
1625225209,3,block_complete,5c2f75c660ccf00001123c6f
1644853008,3,block_complete,57da96a2bcd7150001ded382
1681604433,3,block_complete,5c31153f3780ba0001988561
1735261667,3,block_complete,5ca2e32ebe95fb00111e7cca
1782608892,3,block_complete,5d1df3064418d1001ece37bc
1996401239,3,block_complete,5d735a44500bf3001abcad0a
2112416812,3,block_complete,5bdeefc5b50d08000102e718
2159355233,3,block_complete,594bc549f95b1d0001909e90
2205695617,3,block_complete,5c8b7b1c2166510016180817
2248486391,3,block_complete,58fdcd2be219d00001ee5aa0
2425314803,3,block_complete,5d724507f1b44b001a5cd612
2501877954,3,block_complete,5cc732698c322e0017912cd8
2505424078,3,block_complete,5d09d48baadadc0015bc5e20
2574218316,3,block_complete,5b16bc7644127b00013f7245
2656619196,3,block_complete,5b71997a26040f00011a48cf
2854774464,3,block_complete,5ba81e70c2358e0001d27708
2914073961,3,block_complete,5c2e818561f049000169d2d5
2964956994,3,block_complete,5d7145d8bd3e8d001972f024
3318883424,3,block_complete,5cc83e0f74ba13001873d830
3325406994,3,block_complete,5cc1f4d8ef7ba20017330c2a
3498203126,3,block_complete,5bc7836006900800013a05db
3552414527,3,block_complete,5d277538379e51000149184d
3644175643,3,block_complete,5c0d9307b75bc50001407596
3884054825,3,block_complete,5c27fe6047ec3c00012d6542
3931951316,3,block_complete,5d6a509de2e3c900189b2805
3961533162,3,block_complete,5cf000a45ee75700181cb478
4028972236,3,block_complete,5c5db5734ee81200018eb8a5
4525251743,3,block_complete,5ba68dd877f30d00014fd542
4573220594,3,block_complete,5b167001203e430001ac8d88
4654212483,3,block_complete,5c5304d3db44c600010d5e00
4826204923,3,block_complete,5d5d5a52d0041e0001b5cd12
4884548637,3,block_complete,5c93bd73642b0c00172314eb
5025301979,3,block_complete,5c5e3853de929b0001a4d683
5216579055,3,block_complete,5c3e1a22dc2cf90001928445
5716272819,3,block_complete,5b918e98290d2400016828d3
5892663734,3,block_complete,5d7243fef602b6001997d5d9
5930585079,3,block_complete,5d642b7dc185a1001653cf96
5973010244,3,block_complete,5c0a75e205c4990001c625e4
5994979349,3,block_complete,5c388dd8fa11e9000157c383
6017802110,3,block_complete,5d75915793a94500013eabfc
6092311791,3,block_complete,5c7e70c2973d7200012c63c8
6535203292,3,block_complete,5bf6cfc53db90d0001f4807c
6866710571,3,block_complete,5c66f20ca76ae50001d3e3fb
6944134479,3,block_complete,5a706296c2eb6c00017e0c17
7016487012,3,block_complete,5c99fed960fab50001cbbae0
7033271390,3,block_complete,5d75b0c234fc8b0016084a00
7034981248,3,block_complete,5c5caa44fac6510001533df8
7035579695,3,block_complete,5a46b7701ba496000102ac38
7135376641,3,block_complete,5c806a4ff94c350001c19dcd
7253618055,3,block_complete,5c6fdfeeb21f1500014f9e23
7312552984,3,block_complete,5aabd17644adc700014c8621
7364750782,3,block_complete,5b60a14b9f910b000144846b
7404554966,3,block_complete,5d75a4caa91b61000159ff68
7431060062,3,block_complete,5c419529c39dd700016f1f6c
7553473373,3,block_complete,5be54a0b909cdc0001748bc9
7690287233,3,block_complete,5d557e24ab181c0001aaa777
7808118576,3,block_complete,5d1a37dcdca34a0001fb88bf
8049582591,3,block_complete,5c169a5a1f6f15000149bf59
8287681369,3,block_complete,5d5ff4697721bf0015083888
8399659739,3,block_complete,5c755c855813f300019e5812
8441021092,3,block_complete,5d40706844220d00191363da
8556440013,3,block_complete,5bf701f893dbb1000132b40f
8833192112,3,block_complete,5adf78e55f327e0001fb8515
8887894370,3,block_complete,5d744b81abfec0001ad24c39
8942483746,3,block_complete,5bcc96e06d7b060001b6a4da
9620892707,3,block_complete,5d3f774f55efbe001792c01b
9943429606,3,block_complete,5d7223f5e0c76e0018132730
1108836,4,block_complete_simple,5c70b5b1d1948c0001d8f8b3
48792589,4,block_complete_simple,5c448a8452eba20001da07d0
90015198,4,block_complete_simple,5e2eff0c020d13011783c218
218994630,4,block_complete_simple,5b3d79ec4915d00001828240
368457039,4,block_complete_simple,5c38afe2fb3f0f0001fdfe6f
442878355,4,block_complete_simple,5d5098ef7d9cfb001592b03e
550272957,4,block_complete_simple,5c1a46e47fb37900018348c5
582861850,4,block_complete_simple,5d6af10e8fabb6001a45d483
595508711,4,block_complete_simple,5c9fd42c5a47af00013458f8
597981193,4,block_complete_simple,5b2914d57f78160001466c01
621642223,4,block_complete_simple,5c30666370d93a000122db0e
648426026,4,block_complete_simple,5c1ce6de4e0f2f00015bfaae
873546518,4,block_complete_simple,5cdbccc61da1600019b00683
967153395,4,block_complete_simple,5e541f4f6567b5423b7808c5
992350175,4,block_complete_simple,5e5f97632026112d63c13d99
1355082117,4,block_complete_simple,5dfc9db54cac6899b466a76b
1404839795,4,block_complete_simple,5cd422b7e62009001b03f107
1646393195,4,block_complete_simple,5df213d627130511af69dcda
1891159546,4,block_complete_simple,5da98e800f35db00176e5aca
1925322831,4,block_complete_simple,5e5fb768a64d9401d0c32e42
2192082400,4,block_complete_simple,5d1b4223bafe26001ec6ae62
2212675668,4,block_complete_simple,5d710c5affe2ff0017d68164
2243562358,4,block_complete_simple,5dd5855018beb6544df7f797
2355484161,4,block_complete_simple,5db08511eeac210017277e9a
2411291062,4,block_complete_simple,5dbbc6df8c985619a5c81e60
2415969836,4,block_complete_simple,5d28efe23cb67a001aa1ec85
2441926547,4,block_complete_simple,5d293924af9e43001b1e4e22
2611274142,4,block_complete_simple,5d83908c167afc00192098da
2611987421,4,block_complete_simple,5e5fc346cf3e300453d01cde
2747929965,4,block_complete_simple,5e0d1a1b58a5c74ca4f64100
2872656356,4,block_complete_simple,5c4b134cd8496e0001edd0c1
2943081445,4,block_complete_simple,5d39b3a9bb55980018820b3e
2998674400,4,block_complete_simple,5e5fc0214d517f000c3d9b8c
2999659995,4,block_complete_simple,5e294b7ce3d9801049d7bdbc
3081381160,4,block_complete_simple,5b5852d6508b8c0001a6b26d
3344198162,4,block_complete_simple,5ce6b3d41dc19200012b217d
3490395612,4,block_complete_simple,5773ff31ca706f000190e8a1
3588885474,4,block_complete_simple,5d960437ad712c00174c3e0f
3654455906,4,block_complete_simple,5beeda51555093000152d513
3725083710,4,block_complete_simple,5e18f8cbfd41cf000b8ce770
3881872107,4,block_complete_simple,5e5f96b3f28a102ce012dc71
3993379848,4,block_complete_simple,5beec9024cdbdf0001968171
4042033537,4,block_complete_simple,5da903f3b5c28d0017745a1c
4088027894,4,block_complete_simple,5e566dff2019d5017a7fb7bb
4315964876,4,block_complete_simple,5dc7df97380a675813d31732
4414380563,4,block_complete_simple,5d14ef3eb392cf0019702012
4594421250,4,block_complete_simple,5e5e7cc32c72aa1aa61754d7
4904692266,4,block_complete_simple,5e470f0054f56d1ddbb2859f
4998958958,4,block_complete_simple,5a84b912000dab00018c98a9
5153081306,4,block_complete_simple,5bf58f993a46830001a6bb9c
5371701186,4,block_complete_simple,5d427ae71d9e5700182c3d64
5415380354,4,block_complete_simple,5be43a91c869770001fd2bea
5594750071,4,block_complete_simple,5d377c44bd8f4b001a6b578e
5967314420,4,block_complete_simple,5b43bcaab857640001312dd5
5982509183,4,block_complete_simple,5daca66b71a51b00113172ce
6535091015,4,block_complete_simple,5bd88c215d5a010001c1738b
6550864538,4,block_complete_simple,5df7eeb4cc6822000ac81b07
6723349976,4,block_complete_simple,5b05a1337492880001306b82
6909224598,4,block_complete_simple,5d10d9675415690019d39b36
6959402086,4,block_complete_simple,5e5f6d6f7dcf5b000a93add3
7012446415,4,block_complete_simple,5a12e45d517dfb00013dc54c
7245213734,4,block_complete_simple,5e123cb26a5bff8cec7fdc45
7252118082,4,block_complete_simple,5bae499686294e0001234c64
7637711366,4,block_complete_simple,5c791e24266f210012af518d
7663145935,4,block_complete_simple,5a61c4e7b9e3b50001a6d205
7783335910,4,block_complete_simple,5e160d134c81b2c00dd1d179
7919854825,4,block_complete_simple,5e57d047e9f4140220930646
7985901645,4,block_complete_simple,5a96a0916219a30001d31fbb
8073303234,4,block_complete_simple,5e2ff7565cd6b4000b451ad0
8275818541,4,block_complete_simple,5d5ef0f7befec1001944e1f0
8424328749,4,block_complete_simple,f5d21f63e4c6155001b9199e
8454264799,4,block_complete_simple,5d7957036797da0019537ad1
8599388143,4,block_complete_simple,5ce193181b186d0018af0392
8654275178,4,block_complete_simple,5e5d8f748627aa0a7ddf756c
8715158374,4,block_complete_simple,5ded38524ee10e3fef78a74e
8778424626,4,block_complete_simple,5bbbf5339697e20001462af2
8902204865,4,block_complete_simple,5c1f7cba18a5a60001762f79
9005673772,4,block_complete_simple,5d0a2adaa068020001b0c44d
9062212738,4,block_complete_simple,5e5e623737be5e1762ad4418
9065967467,4,block_complete_simple,5bad564f2b86390001ccdd4c
9466491302,4,block_complete_simple,57e4355291b7fc0001494db8
9614256305,4,block_complete_simple,59d793bbcfaf74000161143e
9619549991,4,block_complete_simple,5c7e7970efcd55000105a686
9634284919,4,block_complete_simple,5c1ab1b454b5d700014382da
9725707173,4,block_complete_simple,5a981aa0f05361000171e44e
9768578201,4,block_complete_simple,5e551bdb4f51d6000b8eb12a
9771221088,4,block_complete_simple,5cec46d8bc1ea400184030fb
9923207338,4,block_complete_simple,5e5fc65b2fa0a630d38a4251
63347449,5,block_complete_mixed,5d6e3802ec4df400153b7ed4
276331577,5,block_complete_mixed,5c2cdd3f70d93a0001222856
488938808,5,block_complete_mixed,5b644d29080ab7000130fa88
516238557,5,block_complete_mixed,5dad865e32175a0014451b20
606870601,5,block_complete_mixed,5dc80bda092079592fb337f6
634081070,5,block_complete_mixed,5d2c69e1791add00017177a5
640603376,5,block_complete_mixed,58433bcdc731e500012e2f4b
898376521,5,block_complete_mixed,5d7970b97799cf001ab0bd5c
1062219069,5,block_complete_mixed,599d753f872eec00019569d7
1067651383,5,block_complete_mixed,5d4b16d75b4ba90019b9faf4
1114395372,5,block_complete_mixed,5d0b9a273ecbfb00018494fc
1256625503,5,block_complete_mixed,5b590817db94af0001394211
1345834400,5,block_complete_mixed,5d901b10d7a21a001d635d12
1410921446,5,block_complete_mixed,5d93b723e248c2001767fafa
1838459966,5,block_complete_mixed,5da1f3892fbd820014bf39d0
1872878745,5,block_complete_mixed,5c49b156f5e26d0001479b44
1879919801,5,block_complete_mixed,5ccff711a92acb0017c7856b
1900800062,5,block_complete_mixed,5dc066bbb63adf012c1a7056
2031328771,5,block_complete_mixed,5c1443d21f6f150001494f6a
2340383061,5,block_complete_mixed,5bdab10cb341a4000154242e
2381971778,5,block_complete_mixed,5db0c0adccd3190016f4a792
2493475508,5,block_complete_mixed,594abd98215cbd000146debc
2694397415,5,block_complete_mixed,5bfea0615dd3630001265084
2948196849,5,block_complete_mixed,5a8adbd3f1408d000176a8d5
2958638844,5,block_complete_mixed,5dbca5177d803423e68de45f
2983526935,5,block_complete_mixed,58bafe0a82e0250001caf492
3190405317,5,block_complete_mixed,5c5b77c803dbc1000191ffe6
3368790612,5,block_complete_mixed,5d355267cf37440001b15e34
3429508147,5,block_complete_mixed,5dc053a989691e000c6977d7
3768525058,5,block_complete_mixed,5ce1753c58949f0018561140
3808156870,5,block_complete_mixed,5cf12b12fe14310001ce0928
4276413360,5,block_complete_mixed,5b27b2090ec82d0001d22f12
4351474761,5,block_complete_mixed,5b0d528dee290600010f483d
4436650833,5,block_complete_mixed,5adb312cdee8590001b00f11
4917582734,5,block_complete_mixed,5cab69f77ea4a700019a87dc
5146235238,5,block_complete_mixed,5da37d0751b87c00167d2b61
5429484593,5,block_complete_mixed,5db9fbd20fbd8b05db2aa3ed
5504238612,5,block_complete_mixed,5beae78329a0d600015d6a4e
5639209336,5,block_complete_mixed,5d433248638dca0015da9d7b
5755226054,5,block_complete_mixed,5dc0a28f27d05205683c8bb3
5888205169,5,block_complete_mixed,5da03af21ce7220014f5c02c
5954135188,5,block_complete_mixed,5d55ced455906f0001c1bdef
5995168617,5,block_complete_mixed,5be0a65507684000010cf0f9
5999158135,5,block_complete_mixed,5da384f1bd6021001610e1d4
6430650625,5,block_complete_mixed,5dc6e065e41a9f4e9b3f952c
6476824961,5,block_complete_mixed,5ce15b0ea7b516001828c646
6536250267,5,block_complete_mixed,5daaed30104d7d00162a6546
6575091711,5,block_complete_mixed,5b044a6d72815200013eba92
6746510839,5,block_complete_mixed,5b34f6aa6d601d0001d64d16
6818692359,5,block_complete_mixed,5d6d82acab68f90001f53194
6913892173,5,block_complete_mixed,5c503c8cc150bc0001ff2291
7136320229,5,block_complete_mixed,5c3872541736360001471ca0
7206312630,5,block_complete_mixed,5d049f0e0b54cc0001dad5ba
7251742556,5,block_complete_mixed,5b9af1bec8b4c60001ac5aa1
7253882370,5,block_complete_mixed,5d2b153afa24ba00173e8ee0
7361012428,5,block_complete_mixed,5c38c00ff0ae4c00011233f2
7644399462,5,block_complete_mixed,5d8911dd8dffca0016bf3b0b
7690973318,5,block_complete_mixed,5c5e04ca6539fe00016e1afa
7805444822,5,block_complete_mixed,5db74911fe9521000b21f667
7871387267,5,block_complete_mixed,5cec2831539ced0017fbc5f4
8340034375,5,block_complete_mixed,5d374dad87890100159e52b3
8618778450,5,block_complete_mixed,5dafea4de40355001651fa2f
8739638829,5,block_complete_mixed,5b65dd7bcda8590001dada98
8796272661,5,block_complete_mixed,591c76c53ae7870001cb0c60
8804881897,5,block_complete_mixed,5c2cdb4e213a1a0001b9c475
8881494125,5,block_complete_mixed,5af491b6222e4d0001877572
9026819458,5,block_complete_mixed,56f7982b35c4760006278c61
9428971073,5,block_complete_mixed,5dac3f1b063b1e00170131e1
9623733795,5,block_complete_mixed,5d3532fb6178c20018195407
9847129170,5,block_complete_mixed,5d37016fb3fa9f00011456bc
9951360162,5,block_complete_mixed,5ba85e7eb3b5400001ce044e
188527757,6,block_complete_mixed_2s,5d8a1f7218133500163107f8
300990329,6,block_complete_mixed_2s,5d24cb1417b7100019b5d319
354823815,6,block_complete_mixed_2s,5cc3685746fb4500011c02de
444654289,6,block_complete_mixed_2s,5c1a9424a329230001ecaabd
777812866,6,block_complete_mixed_2s,5dc16474a0910f0cd0b882f1
905931326,6,block_complete_mixed_2s,5c0210a15c0594000114fe35
1202407836,6,block_complete_mixed_2s,5db1b4095b8b65000fe5f097
1347554112,6,block_complete_mixed_2s,5da8ad3c47b9d20015a2e50d
1696551699,6,block_complete_mixed_2s,5c21f91a867f660001ad4a2a
1771380314,6,block_complete_mixed_2s,5d9de57969768000156979a1
1857576520,6,block_complete_mixed_2s,5cac639638d61000014da640
1915175753,6,block_complete_mixed_2s,5dd7ec8a6ca7e7780fb7921b
2144241069,6,block_complete_mixed_2s,5d17b6f2c9ee35001a76a33b
2439133310,6,block_complete_mixed_2s,5b1e7a55c813a60001480313
2543302318,6,block_complete_mixed_2s,5dcebe06c5faa2000d2a28ef
2635557376,6,block_complete_mixed_2s,5dc85415ae3b3b5bb3d59bd0
2677868939,6,block_complete_mixed_2s,5c7e7d92274125000179f2f0
2912457949,6,block_complete_mixed_2s,5d754d633e40c60018081e5a
3074826417,6,block_complete_mixed_2s,5ccc3dd7a758ba00133c0763
3199254034,6,block_complete_mixed_2s,55f1ca7532af7400121700cc
3203386323,6,block_complete_mixed_2s,5d6658e687d5d800014a78f8
3279414582,6,block_complete_mixed_2s,5c6c65f096e5aa000163e34f
3285005267,6,block_complete_mixed_2s,5d9dca83bf11cf00175ad0d3
3960774710,6,block_complete_mixed_2s,5dd7c8d5ce1ce676b9991e49
4035293299,6,block_complete_mixed_2s,5751d7ab330ae900070385c2
4485613355,6,block_complete_mixed_2s,5da22d40497c8c00163694a1
5011453717,6,block_complete_mixed_2s,5d5106b390d5460001e2ca28
5049861308,6,block_complete_mixed_2s,5abc0d68436f550001ff83ff
5372657539,6,block_complete_mixed_2s,5d3f10e626d3fe0018148dcf
5383854353,6,block_complete_mixed_2s,576fc3462984e70001a97fc3
5405165472,6,block_complete_mixed_2s,5ca4d070d78dde00166203b2
5743173355,6,block_complete_mixed_2s,5cf3ba5781ea050017a61781
5806943686,6,block_complete_mixed_2s,5d6ff13f0fbfc50018f710fc
6049056249,6,block_complete_mixed_2s,5cc9bad1a46b3500196cfd1b
6093260441,6,block_complete_mixed_2s,5cfdbf81f8ff8a00157310e0
6528988416,6,block_complete_mixed_2s,5992b97bf9db7d0001895522
6731022753,6,block_complete_mixed_2s,5cdf3e46bb4ac30001597901
6810371132,6,block_complete_mixed_2s,5da076e9c8d3b80019947c81
6841577798,6,block_complete_mixed_2s,5ce14685c07328001a4c088c
6904022065,6,block_complete_mixed_2s,59d4ff54e59146000112e5b1
6908257316,6,block_complete_mixed_2s,5d55548417edfb00175baa8c
6951035408,6,block_complete_mixed_2s,5d11e8d591273300158beddd
7015256399,6,block_complete_mixed_2s,5dd7eb4841fb3f785f7ec7c8
7327640563,6,block_complete_mixed_2s,5c88f5fc62c53d0001eea010
7351421053,6,block_complete_mixed_2s,5c92c143719a1d0018e5e089
7394137780,6,block_complete_mixed_2s,5afd421f7d6f3a000197443b
7538227545,6,block_complete_mixed_2s,5dc458cbbe3c0f32514b1bf4
7623550389,6,block_complete_mixed_2s,5bb3ddb527fb5000013c0de9
7986889810,6,block_complete_mixed_2s,5d133ffea271e40001743572
8197618914,6,block_complete_mixed_2s,5ce43a70aade7100152e6e77
8337296857,6,block_complete_mixed_2s,59dbe3522f63d30001c8f22f
8445662418,6,block_complete_mixed_2s,5dd3e1a95e91193be490487d
8521713127,6,block_complete_mixed_2s,58b20a24c352cc0001ed554b
8611075408,6,block_complete_mixed_2s,5cc2e2579402ad0018c3a3c1
8801581661,6,block_complete_mixed_2s,55e1e437ac274f0005e95a48
8817187159,6,block_complete_mixed_2s,597dde79bedf280001dc3be7
9174604198,6,block_complete_mixed_2s,5bd7b4053dac81000124b592
9271663789,6,block_complete_mixed_2s,5bf907e118430e0001861b0b
9369701449,6,block_complete_mixed_2s,5dacbdc050ce0a0013f6716e
9485603989,6,block_complete_mixed_2s,5dd607295686c15b3546af4b
9539797135,6,block_complete_mixed_2s,5cce493d2f210d0018c346f5
9557542668,6,block_complete_mixed_2s,5d82852ae7a57100011a6122
9562679517,6,block_complete_mixed_2s,5c6d60a581e1d50001627386
9826461572,6,block_complete_mixed_2s,5d02c129d6f73f0019188942
9910785139,6,block_complete_mixed_2s,5bafec568f3bd70001e4e5f8
9977205690,6,block_complete_mixed_2s,5d3f2f2cad8086000151f6bf
124627775,7,block_complete_mixed_2s_amb_heuristic,5c48c13bcae0ab0001890ce4
556153023,7,block_complete_mixed_2s_amb_heuristic,5da6f72f153eda0016068ab7
895819631,7,block_complete_mixed_2s_amb_heuristic,5c8bafb53b6f3d00013d7c30
932727537,7,block_complete_mixed_2s_amb_heuristic,5bdca92f76d6d50001bc2f4c
971363531,7,block_complete_mixed_2s_amb_heuristic,5c25315c2c45d4000148afec
1129813446,7,block_complete_mixed_2s_amb_heuristic,5d0e3b9955790000010eb51c
1305386577,7,block_complete_mixed_2s_amb_heuristic,5c6dd18f4e08ad00018cc5f6
1309282192,7,block_complete_mixed_2s_amb_heuristic,5d93297851b405001ab21816
1422105023,7,block_complete_mixed_2s_amb_heuristic,5d467c65f0b006001a3f1261
1497137283,7,block_complete_mixed_2s_amb_heuristic,5d7d252ed929720001b5b712
1601562752,7,block_complete_mixed_2s_amb_heuristic,59cfe8f223b3e500018f51c1
1653285084,7,block_complete_mixed_2s_amb_heuristic,5e132347375134000b3d1236
1711699235,7,block_complete_mixed_2s_amb_heuristic,5cb6f38ffdc7fa0013f809a3
1792907471,7,block_complete_mixed_2s_amb_heuristic,5b8f9a9d8830c60001dc3aee
1903113878,7,block_complete_mixed_2s_amb_heuristic,55f19d774779250012dd3644
2068770643,7,block_complete_mixed_2s_amb_heuristic,5be350a51824e4000189d5ba
2170795756,7,block_complete_mixed_2s_amb_heuristic,5e0e0304e69d0a56436f94bd
2388696261,7,block_complete_mixed_2s_amb_heuristic,5c38dab0f0ae4c00011238c1
2565632698,7,block_complete_mixed_2s_amb_heuristic,5dd6d7957beb2966ce4d9e82
2680033910,7,block_complete_mixed_2s_amb_heuristic,5c430039e972300001ac04f3
2717107589,7,block_complete_mixed_2s_amb_heuristic,5b9ae2e307c6960001613886
2862428034,7,block_complete_mixed_2s_amb_heuristic,5b918e98290d2400016828d3
2953267423,7,block_complete_mixed_2s_amb_heuristic,5d2e1cdedf405500014c3a04
3080877510,7,block_complete_mixed_2s_amb_heuristic,5d8ccf4fd3309d001a8ce0b6
3138021066,7,block_complete_mixed_2s_amb_heuristic,5dd02066c5faa211d6aa6f36
3370439916,7,block_complete_mixed_2s_amb_heuristic,5c479e4cdeaef300017e5c9c
3396351285,7,block_complete_mixed_2s_amb_heuristic,5d11f6b091c008001530d0fb
3408928838,7,block_complete_mixed_2s_amb_heuristic,5d3d9749607ede001a0712df
3420592490,7,block_complete_mixed_2s_amb_heuristic,5dbacc2c4ea3b20e251ff647
3567940640,7,block_complete_mixed_2s_amb_heuristic,5c85883136f2450001c86ba9
4006287821,7,block_complete_mixed_2s_amb_heuristic,5d235928a13827001a257b44
4316691939,7,block_complete_mixed_2s_amb_heuristic,5dc5995e5d81cd4153e00138
4436707772,7,block_complete_mixed_2s_amb_heuristic,5d66c06a3fcbbc0001f3dc15
4581296342,7,block_complete_mixed_2s_amb_heuristic,5dcc068f611e1a8a0a49e2a1
4891453072,7,block_complete_mixed_2s_amb_heuristic,56fef40d04254b0009008b6e
5399953484,7,block_complete_mixed_2s_amb_heuristic,5a8b57da000dab00018ccb72
5462758803,7,block_complete_mixed_2s_amb_heuristic,5cf3c41f83416100157ce12e
5838699269,7,block_complete_mixed_2s_amb_heuristic,5cb4a22ae7a9f20001ce8b50
6126703028,7,block_complete_mixed_2s_amb_heuristic,5d97091b1787f60011e03cdf
6294140484,7,block_complete_mixed_2s_amb_heuristic,5d318d918b7318001950e42c
6296042468,7,block_complete_mixed_2s_amb_heuristic,5c051091d30e3200016df697
6321947906,7,block_complete_mixed_2s_amb_heuristic,5da5fdef9a9dc5001484350b
6437422550,7,block_complete_mixed_2s_amb_heuristic,5d8bd78ea59fed00194306a8
6688304650,7,block_complete_mixed_2s_amb_heuristic,5dd6be845daaa664ee567655
6722069266,7,block_complete_mixed_2s_amb_heuristic,5da9eddb59f3710012836dae
6806590155,7,block_complete_mixed_2s_amb_heuristic,5c0fc9645096c60001f15b12
6825679082,7,block_complete_mixed_2s_amb_heuristic,5b96dd68d193e30001b3cb69
7102624807,7,block_complete_mixed_2s_amb_heuristic,5bad6504f588f200012bab65
7307912971,7,block_complete_mixed_2s_amb_heuristic,5af4f14f86fd9c0001664a21
7508687344,7,block_complete_mixed_2s_amb_heuristic,5be8dab5d153f500019ab320
7836267890,7,block_complete_mixed_2s_amb_heuristic,5d1e47055538e6001a842e3b
7891830409,7,block_complete_mixed_2s_amb_heuristic,5da330e8656efc001626ea3e
7904127446,7,block_complete_mixed_2s_amb_heuristic,5b3ab8dcb6b4410001613d5b
8057763368,7,block_complete_mixed_2s_amb_heuristic,5de6d5557544ea070b13d83a
8219362488,7,block_complete_mixed_2s_amb_heuristic,5d46c24832ed2d0016267e59
8328923420,7,block_complete_mixed_2s_amb_heuristic,5c37cfa819ceb400010c0979
8502574211,7,block_complete_mixed_2s_amb_heuristic,5d6d15ce424136001af41fbc
8806433868,7,block_complete_mixed_2s_amb_heuristic,5c2515f410677f0001db43f6
8881045124,7,block_complete_mixed_2s_amb_heuristic,5c54b8f47f5e0c000143eec5
9078693205,7,block_complete_mixed_2s_amb_heuristic,5a95694a4eecca0001dd4721
9110758836,7,block_complete_mixed_2s_amb_heuristic,5be964367514d0000108cefc
9203335703,7,block_complete_mixed_2s_amb_heuristic,5bef5e9211439b000168b116
9231317773,7,block_complete_mixed_2s_amb_heuristic,5dc2fb9b09207920bc5125af
9327136957,7,block_complete_mixed_2s_amb_heuristic,5dcc32a178cda08be0bf29f8
9381303093,7,block_complete_mixed_2s_amb_heuristic,5b745aefcaefde0001f08744
9593063154,7,block_complete_mixed_2s_amb_heuristic,5d9c543d184c4f00144d7cff
9594284875,7,block_complete_mixed_2s_amb_heuristic,5c825b1278b14e00123263e9
9621262807,7,block_complete_mixed_2s_amb_heuristic,5e15b2c99195c6ba622e5814
9723316559,7,block_complete_mixed_2s_amb_heuristic,5da6e6a788c639001280bcca
9786937354,7,block_complete_mixed_2s_amb_heuristic,5d31ecccb9e1dc000197b221
9997019496,7,block_complete_mixed_2s_amb_heuristic,5ba7f8f5351c52000158a55b
6287760,8,block_complete_mixed_2s_amb_final,5cea706c0afd6e0001a9e93e
115880576,8,block_complete_mixed_2s_amb_final,5cfd138810b14a001aa999d4
174379249,8,block_complete_mixed_2s_amb_final,5b06e585b10e580001a3a757
493670212,8,block_complete_mixed_2s_amb_final,5c3f53e45149ab0001dc54ce
555841640,8,block_complete_mixed_2s_amb_final,5b587dc6efcd5c0001cebd03
679342311,8,block_complete_mixed_2s_amb_final,5dd6fd26a0f99f000d914736
682781464,8,block_complete_mixed_2s_amb_final,5c724b9506f23500016d652a
754140344,8,block_complete_mixed_2s_amb_final,5da6c05d830b2c0016c068aa
827700034,8,block_complete_mixed_2s_amb_final,5d1e760587df740019595970
864793406,8,block_complete_mixed_2s_amb_final,5dbc3180ff9c981e0afd93c2
866960181,8,block_complete_mixed_2s_amb_final,59e0b5faf005c50001b25412
1429447083,8,block_complete_mixed_2s_amb_final,5b1f6bb54c72120001f24402
1555623048,8,block_complete_mixed_2s_amb_final,5dab6e7d80e1780016d5bc9b
1594257161,8,block_complete_mixed_2s_amb_final,5cf6088a6f91800001b8fe5c
1683634926,8,block_complete_mixed_2s_amb_final,5c6fd6e2ff068d0001728ec6
1997570396,8,block_complete_mixed_2s_amb_final,5c672e1a23f6300001381bcc
2224134584,8,block_complete_mixed_2s_amb_final,5df9ff4566247b000d5d9a72
2366627003,8,block_complete_mixed_2s_amb_final,5bf300a7ac0f0d000180a247
2423593663,8,block_complete_mixed_2s_amb_final,5d39db7aa3960a001a3d2148
2433227782,8,block_complete_mixed_2s_amb_final,5d5051e31025380015dc59b8
2447133309,8,block_complete_mixed_2s_amb_final,5c5efab2abbcc10001e7033d
2449389297,8,block_complete_mixed_2s_amb_final,5c1d350915a94b00018d676d
2545250089,8,block_complete_mixed_2s_amb_final,5be75047f6d13b0001cf4f25
2848994567,8,block_complete_mixed_2s_amb_final,5c0e4e3d87e876000151cfec
2944568284,8,block_complete_mixed_2s_amb_final,5dc1f283fc1cda15c5015611
3086614616,8,block_complete_mixed_2s_amb_final,5cdbcdb89f75db0001411059
3247728848,8,block_complete_mixed_2s_amb_final,5c183335cbe760000142f24a
3352450561,8,block_complete_mixed_2s_amb_final,5dee801e2ae04251c7aa3dd2
3455124258,8,block_complete_mixed_2s_amb_final,5cc853de74b74800168d9597
3508738566,8,block_complete_mixed_2s_amb_final,589ded250da7f10001de7954
3838199660,8,block_complete_mixed_2s_amb_final,5bc7659a5b4a8700019a2b95
3996261949,8,block_complete_mixed_2s_amb_final,5b9530390f85f600015705bf
4038740691,8,block_complete_mixed_2s_amb_final,5d67ffdef5c633001847babd
4588512244,8,block_complete_mixed_2s_amb_final,5d726b8a0c3f0f0017cdfcf7
4736469272,8,block_complete_mixed_2s_amb_final,5ba1116401a2c7000196d67c
4838985527,8,block_complete_mixed_2s_amb_final,5cd5419ba9a8c40019639382
5050356783,8,block_complete_mixed_2s_amb_final,5df64f9f35a7a545b797d36b
5170252380,8,block_complete_mixed_2s_amb_final,5d6dbe867df0cd0018261bc4
5433564743,8,block_complete_mixed_2s_amb_final,5c904dd229b39400014e463d
5579845501,8,block_complete_mixed_2s_amb_final,592f1045bb4ce30001bd4fba
5613969898,8,block_complete_mixed_2s_amb_final,5d53be7ddaac02001566b548
5649369787,8,block_complete_mixed_2s_amb_final,5c1d6613e2d9150001b5a7d1
5690927936,8,block_complete_mixed_2s_amb_final,5d0d4f6fcab1b50001e97333
5982435340,8,block_complete_mixed_2s_amb_final,5d6ea75a29c25100018a4bee
6355793859,8,block_complete_mixed_2s_amb_final,5de418ca48df6441018ec575
6372250392,8,block_complete_mixed_2s_amb_final,5d4b1ad811499700017452cb
6488587354,8,block_complete_mixed_2s_amb_final,5c51dd37c91d1100017760b8
6787578972,8,block_complete_mixed_2s_amb_final,5d652d923ca9fc00193d2e1d
6799847552,8,block_complete_mixed_2s_amb_final,5be32a4a36b93f0001d9b926
6851548502,8,block_complete_mixed_2s_amb_final,5c7c4d0dffaec400019b3699
6923086110,8,block_complete_mixed_2s_amb_final,5989ee5ce65fa9000158067a
6953109664,8,block_complete_mixed_2s_amb_final,5debf42d433c362ddb07f050
7299640113,8,block_complete_mixed_2s_amb_final,5d9a125f1714540016a40a27
7416204135,8,block_complete_mixed_2s_amb_final,5ddfc5a904ba3e03e96a5bd7
7941021709,8,block_complete_mixed_2s_amb_final,5dee5b9435575a4eab1dfd73
7999388346,8,block_complete_mixed_2s_amb_final,5d97685489740200138a3606
8004108614,8,block_complete_mixed_2s_amb_final,565cd474f3a62b00068c6c25
8048994010,8,block_complete_mixed_2s_amb_final,5d6906bf2aedf5001509d5f4
8076274595,8,block_complete_mixed_2s_amb_final,5d34de398f657e00150dd0d5
8360504020,8,block_complete_mixed_2s_amb_final,5aeafac6ba4ab20001db86f1
8499008814,8,block_complete_mixed_2s_amb_final,5b19975aabf7350001abbeca
8612438948,8,block_complete_mixed_2s_amb_final,5c196bce5ead950001bda707
8743240180,8,block_complete_mixed_2s_amb_final,5a5110bb76d1c60001aaa059
8792895060,8,block_complete_mixed_2s_amb_final,5d4b34eef76ba30018751137
8911929604,8,block_complete_mixed_2s_amb_final,5ddb99b0322886aced59e556
9097733798,8,block_complete_mixed_2s_amb_final,5bbf80fdd34ee70001d42c61
9174613849,8,block_complete_mixed_2s_amb_final,5de76e8d36d8256e47625c4f
9424581135,8,block_complete_mixed_2s_amb_final,5c92319c9d8971000188b921
9548373533,8,block_complete_mixed_2s_amb_final,5c803241ddb3d000162daf60
9602440669,8,block_complete_mixed_2s_amb_final,5c9a59baa32382000162ecc3
9774420013,8,block_complete_mixed_2s_amb_final,5d7df958cb6cf00001399929
9796288036,8,block_complete_mixed_2s_amb_final,5c6cc9e2ffe5270001d3e90c
9978489779,8,block_complete_mixed_2s_amb_final,5cc888ae085b98001620bf4d
64983248,9,incentivize,60f2c01eda767e48b6c2830a
327106100,9,incentivize,5d82de0beecd2a000198dd3a
451247451,9,incentivize,6028587755736d18c83410bf
548521417,9,incentivize,5f653cb18aad310a9ee7c32d
711361880,9,incentivize,606c7d27f4f3ae688332a55d
942561113,9,incentivize,613e18e92e4ed15176362aa2
1175093423,9,incentivize,5db31089a1f8d3000c10a6c5
1179698444,9,incentivize,60da187630a6c49f4f44d058
1199712216,9,incentivize,5d069530ad18d40019bb768f
1306587537,9,incentivize,5f84dba8c455331b7be18ab2
1848711025,9,incentivize,5e57a0020c3c6a14a1624031
1874870874,9,incentivize,60979b540a2cf2468fde514b
1993714535,9,incentivize,617472a275f3c78a60844d68
2175245425,9,incentivize,609a54b96c38edbbf5e48251
2176807974,9,incentivize,5e5aa39b15b8d429d07abfd4
2349096848,9,incentivize,5f516d96bf6cde3b04b94b69
2396060880,9,incentivize,616ffbfe7b44b1236b1fc24e
2514071168,9,incentivize,5f3ee8fb5f0cc21a519fb0c2
2597986135,9,incentivize,6173043badff9e638ce8ca2d
3020633344,9,incentivize,5faab9fa1c6cce487d370981
3037623668,9,incentivize,5f60713e595007000a8e1da7
3056212386,9,incentivize,6172150f04c545e20b4d5af9
3118020759,9,incentivize,60ecb41a4a9023db55e9c061
3236850434,9,incentivize,60ddfb3db6a71ad9ba75e387
3456422038,9,incentivize,5c845031d6a29e00162edf7d
3659813468,9,incentivize,615244e111aefca2b42a35f9
3665348004,9,incentivize,611bb2a6d9678117db737236
3685005911,9,incentivize,614468965cba9b8f734f0d60
3709931545,9,incentivize,6086bce92a8e1c219a9120c5
3818875866,9,incentivize,5e5eb4843accc91e2443212f
3834157142,9,incentivize,60b6c415dbda3236ea22455a
3955575119,9,incentivize,5f806f22e8159d0913945e35
4267856622,9,incentivize,604ce6075c751bc1e1a11dd5
4358519483,9,incentivize,5c38d25078687a0001db8633
4455333223,9,incentivize,6063f65c58167d6efa46e430
4503574518,9,incentivize,5ee4273dba332e11f6e28676
4566989390,9,incentivize,60087e9189ddb34b79b08be5
4598125870,9,incentivize,60e4dde24ae3ef466418b19f
4774452086,9,incentivize,6050def7e8e7c6c1efb45fac
4790264444,9,incentivize,6074de03363deb52b54eccf4
4890039420,9,incentivize,5f7506afbadfcf169784f466
5034615646,9,incentivize,5f7d002d141e4e1c0e84e98e
5306186128,9,incentivize,60b9b66f3b3795d796a82ee6
5830500556,9,incentivize,61086c2bfda98ba5d75b9db4
6089393947,9,incentivize,6172c19ff79e4bec69b80c10
6140819787,9,incentivize,60e9ea97d19e613e60a994da
6163727417,9,incentivize,60d6132cd85bce1483291f56
6226104004,9,incentivize,6099132b6d152b812fdc911c
6276030006,9,incentivize,60ec51c51a3158a50ded8a3e
6332760676,9,incentivize,60c048ca962103e0da201a34
6474111328,9,incentivize,605bd0169853b502f34b51c3
6516244778,9,incentivize,6171b1bc917dfe828a3130dd
6628526993,9,incentivize,615d5b821a79847e2b342374
6912086824,9,incentivize,6069dc93673768fac8822472
6955301306,9,incentivize,603fc30024a4160d72b0f1b8
7079679999,9,incentivize,5ea96886ef7ece0604eee527
7181569715,9,incentivize,5eeb4be60e1a002243b3c096
7185723110,9,incentivize,611e2a711b31e24b7133813c
7219065843,9,incentivize,5f2d14d99d93bf265393b8ac
7706149731,9,incentivize,60ddc6cf3e04111115200984
7988302469,9,incentivize,60ca0a178a861accb4161f1b
8438154417,9,incentivize,5eea1be10e95520beb9fa654
8621572779,9,incentivize,60e0e2d9a207ba546969b432
8708639890,9,incentivize,602f69ce775c55c4b3ceeabb
8866197151,9,incentivize,5e1ce5942923360769c7af3a
9052886980,9,incentivize,5fafdefb35f42e2c00093fbe
9153447604,9,incentivize,6163ff503beed553308638c7
9335629089,9,incentivize,5d3ef33e8da0790017c90e08
9429152965,9,incentivize,61278ed955c9c0f27457ae1b
9442488174,9,incentivize,61687ebcd2a35ffb762d1928
9593451621,9,incentivize,60fdb9bad55eb8c5b67f18f4
9691956658,9,incentivize,602d29200724e36ae7a9def2
9761824316,9,incentivize,613bbfebd7cdd60585f6a3a2
9857490689,9,incentivize,60535adfff835194160cd3bb
23089611,10,evoutcome,5fa30c6baab6c25b14747b36
45248256,10,evoutcome,610688755230e227fe0a16f7
163433636,10,evoutcome,5df0329e67a236091e8fdff9
173652299,10,evoutcome,613a6eb8932c145d01f03c62
175879982,10,evoutcome,60f1fa1f9751397df643facc
487485987,10,evoutcome,60fee91321d3a8c77484a826
489382625,10,evoutcome,60fe8de5380ae67bf7370ac8
555197473,10,evoutcome,59e5a69916ecc200016fefdb
669287873,10,evoutcome,615aff05691d41b8ce734ca0
686816692,10,evoutcome,628e8a0adf45c8354094edcd
1114967450,10,evoutcome,60c369ebf7b68cf1aa2f180e
1408995461,10,evoutcome,5c6f0e238e9bdd0001f6b65b
1542112125,10,evoutcome,6064d68e47e54180bfd4c833
1570637358,10,evoutcome,5fb51ab8c5cca8144ed23fd5
1583238556,10,evoutcome,5f0f6811a0ed4a11dbc57b79
1597005115,10,evoutcome,60bf4905cbd90fcec5e91479
1616553926,10,evoutcome,5f439781d850b5045ffb4af2
1626705992,10,evoutcome,617134f939b0aa685b96bb14
1646603397,10,evoutcome,616f6ed2ead3bb59cd1397ac
1680717840,10,evoutcome,61082411ae20078aaf317d35
1808630226,10,evoutcome,600964b7ddbcfc3b02f7b2e8
1971026335,10,evoutcome,5ea606388e4cf808c64292d4
2513314294,10,evoutcome,6032c31bc4118f31e7b852ea
2529416989,10,evoutcome,6068b59d11e77c24954def38
2670651013,10,evoutcome,5e687fc5651f7d1259eac113
2702783100,10,evoutcome,6092e666d6eecc26f1d89b87
2713514193,10,evoutcome,5f514a2b5552dd37bc2060da
2873631243,10,evoutcome,6171bb437294183a6152c189
2877840126,10,evoutcome,616ab1b6df359dcb87a8b0e5
3348534318,10,evoutcome,61462f791eb4fbf23ec1d583
3416557701,10,evoutcome,60f2c3dba7a1465cda7d9946
3462964984,10,evoutcome,5e73ded1027e893642055f86
3587227034,10,evoutcome,5c30c3c9301a9c0001357413
3848745896,10,evoutcome,5f80a6f92dac9e105a84b405
4189101060,10,evoutcome,60717e12499498909e4883f1
4340114950,10,evoutcome,614d9ea7c87980229c834d21
4403964115,10,evoutcome,5e9457c08b4a3c2b2955976b
4474507893,10,evoutcome,5fd8e5d864c9d60e2a7d9aeb
4835212369,10,evoutcome,603fe2bb561e3113ee9da931
4863787572,10,evoutcome,608264e0b05083c19685a378
4984169042,10,evoutcome,5ea936e503a71a000af12d7b
5273948158,10,evoutcome,60d05876689253d9254637cd
5402065418,10,evoutcome,60b00d29451a17f0ec67d8ac
5637142883,10,evoutcome,6103ec2bf88328284fd894bc
5637370252,10,evoutcome,5f2289c3248c55000cd85a11
5910679978,10,evoutcome,6104921c0cd5d47f9ec1d719
6076983056,10,evoutcome,59a7cfeb7ff2320001ec59d9
6155405431,10,evoutcome,5da5cd71096f2e00173eb1fb
6235397863,10,evoutcome,5c3e4e336d874c0001bdc471
6347978744,10,evoutcome,574027971407a30010773dd7
6495061992,10,evoutcome,5c44f101a5487b00011d122e
6578568114,10,evoutcome,61006e8a4fe954de47730409
6589786623,10,evoutcome,5c46294a8dcf8d000112d559
6699414038,10,evoutcome,603a293ee62ae15da2674441
6817163076,10,evoutcome,5ee43a8e2ec5ba13df088f5e
6844030990,10,evoutcome,60f02e0e88e928ae017e919c
6943818446,10,evoutcome,60512f92ff9e79466ba8d4b8
6969578437,10,evoutcome,610eb5c0e403b969c1efe69c
7032644515,10,evoutcome,5f8ef8605b479d0cf9480024
7222189610,10,evoutcome,6140ce597b9f121e7170511f
7409609865,10,evoutcome,60ca64ec4ea478fcb4d87165
7414853338,10,evoutcome,60fbc53a81120344612e0d08
7443813581,10,evoutcome,5b30dd61e223e800012bd935
7745018530,10,evoutcome,615484378ed6e9e648ce3ff9
7766629528,10,evoutcome,606389edd44e23139eeecd82
7850537733,10,evoutcome,5e9c3ff1cf719d151612648f
8097062057,10,evoutcome,5ebee36dc03b4414949c7b64
8213510552,10,evoutcome,60fd2e310eaf2c2293b80d02
8497014965,10,evoutcome,607ea5504e74d104da5a108a
8763796642,10,evoutcome,5f957181be463b3d6a83a84a
8869379277,10,evoutcome,6081e753b16df5194cf90f49
8873259830,10,evoutcome,5ced924012495000161574a0
8937672902,10,evoutcome,5fc4bc07be970b93ac1ac3b2
8966807003,10,evoutcome,60d8797068090542e56f8d2b
8995343439,10,evoutcome,5ea079d45f2eaf03fdb21a1c
9049475133,10,evoutcome,5f1e9db721e4f101783fe21c
9195332330,10,evoutcome,61119ee3576ae2aa2cc8cc32
9391982197,10,evoutcome,5f68f02c41716709ee9be42d
9484643174,10,evoutcome,615767861330080eb8cad21c
9719041872,10,evoutcome,609e5ee2411558f6ee4cc7d7
