Submission id,participant_id,Status,Started at,Completed at,Reviewed at,Archived at,Time taken,Completion code,Total approvals,Total rejections,Approval rate,age,Sex,Ethnicity simplified,Country of birth,Country of residence,Nationality,Language,Student status,Employment status
62961eb7c02271305172ea9c,613a82ea0caa38af897827fc,APPROVED,2022-05-31T14:04:53.713000Z,2022-05-31T15:25:42.023000Z,2022-06-01T16:07:21.097000Z,,4849,NOCODE,40,0,100,22,Female,Other,Mexico,Mexico,Mexico,Spanish,Yes,DATA_EXPIRED
62961eb8178cfc4dd89f2d1f,6172150f04c545e20b4d5af9,APPROVED,2022-05-31T13:57:28.130000Z,2022-05-31T14:44:36.556000Z,2022-06-01T16:07:21.356000Z,,2829,RNFS5HP5,102,0,100,22,Female,Black,DATA_EXPIRED,South Africa,South Africa,DATA_EXPIRED,DATA_EXPIRED,DATA_EXPIRED
62961eb836215abd84894015,6173043badff9e638ce8ca2d,APPROVED,2022-05-31T13:57:15.913000Z,2022-05-31T14:39:20.233000Z,2022-06-01T16:07:21.585000Z,,2525,NOCODE,304,1,100,21,Female,DATA_EXPIRED,United States,United States,United States,English,Yes,DATA_EXPIRED
62961eca2bb144a488c482fb,6063f65c58167d6efa46e430,APPROVED,2022-05-31T13:57:30.799000Z,2022-05-31T14:49:25.529000Z,2022-06-01T16:07:21.772000Z,,3115,RNFS5HP5,161,1,100,30,Male,Other,Chile,Chile,Chile,Spanish,No,Full-Time
62961ecf47dc85e8afecd7aa,5fafdefb35f42e2c00093fbe,APPROVED,2022-05-31T13:57:39.795000Z,2022-05-31T14:40:23.057000Z,2022-05-31T15:16:25.551000Z,,2564,404 not found code showed,93,0,100,24,Female,White,Czech Republic,Ireland,Czech Republic,Czech,DATA_EXPIRED,Part-Time
62961ed1b9e4e84d153898fb,60b0fef884af1d79927a12d5,APPROVED,2022-05-31T13:57:37.047000Z,2022-05-31T15:21:01.128000Z,2022-06-01T16:07:21.986000Z,,5005,RNFS5HP5,105,2,99,25,Male,White,Hungary,Hungary,Hungary,Hungarian,Yes,Part-Time
62961ef2b01110f5dfbb87ba,603e5aad160c3ee04e07e8d3,APPROVED,2022-05-31T13:58:19.412000Z,2022-05-31T14:51:02.646000Z,2022-05-31T15:12:35.577000Z,,3164,RNFS5HP5,166,3,98,26,Male,White,Poland,Poland,Poland,Polish,DATA_EXPIRED,DATA_EXPIRED
62961f057027e8f8dfcd4f00,62961af12caa56569ae31ed5,APPROVED,2022-05-31T13:58:37.671000Z,2022-05-31T14:44:49.296000Z,2022-06-01T16:07:22.256000Z,,2772,NOCODE,10,0,100,18,Male,White,United Kingdom,United Kingdom,United Kingdom,English,Yes,DATA_EXPIRED
62961f069d27fa0d312b1335,5eeae82d741eed221ec5a245,APPROVED,2022-05-31T13:58:36.206000Z,2022-05-31T14:51:24.172000Z,2022-06-01T16:07:22.914000Z,,3168,NOCODE,291,2,100,20,Female,Asian,Canada,Canada,Canada,Tagalog-Filipino,Yes,Full-Time
62963a21abac9ef28becc65a,60b6c415dbda3236ea22455a,APPROVED,2022-05-31T16:03:31.031000Z,2022-05-31T17:35:56.732000Z,2022-06-01T16:07:23.237000Z,,5546,RNFS5HP5,334,1,100,31,Female,White,Turkey,Spain,Turkey,Turkish,Yes,Part-Time
62963a4d79cde17617bf29fb,5f2d14d99d93bf265393b8ac,APPROVED,2022-05-31T15:55:12.069000Z,2022-05-31T16:36:27.085000Z,2022-06-01T16:07:23.762000Z,,2476,RNFS5HP5,592,4,100,32,Male,White,Italy,Italy,Italy,Italian,No,Full-Time
62963a4dd5ccecccbe91c05e,60f86773e1cc7868421ee9d8,APPROVED,2022-05-31T15:55:04.096000Z,2022-05-31T16:55:32.274000Z,2022-06-01T16:07:24.888000Z,,3629,RNFS5HP5,275,3,99,25,Male,Black,South Africa,South Africa,South Africa,English,Yes,Full-Time
62963a4eee359d9c7b624d59,613e18e92e4ed15176362aa2,APPROVED,2022-05-31T15:54:57.280000Z,2022-05-31T16:45:30.114000Z,2022-06-01T16:07:25.642000Z,,3033,RNFS5HP5,275,6,96,19,Male,Mixed,Mexico,Mexico,Mexico,Spanish,Yes,Unemployed (and job seeking)
62963a501f72efca0d520ae3,5ee4273dba332e11f6e28676,APPROVED,2022-05-31T15:56:56.529000Z,2022-05-31T16:53:26.673000Z,2022-06-01T16:07:26.029000Z,,3391,RNFS5HP5,317,0,100,25,Female,Other,Mexico,Mexico,Mexico,Spanish,No,Part-Time
62963a508cc7dc2d9e987359,606c7d27f4f3ae688332a55d,APPROVED,2022-05-31T16:04:08.357000Z,2022-05-31T16:53:03.400000Z,2022-06-01T16:07:26.327000Z,,2936,RNFS5HP5,201,0,100,24,Male,White,Portugal,Portugal,Portugal,Portuguese,No,Full-Time
62963a5115ae7001e74ee924,5f84dba8c455331b7be18ab2,APPROVED,2022-05-31T15:55:10.978000Z,2022-05-31T16:34:44.402000Z,2022-06-01T16:07:26.553000Z,,2374,RNFS5HP5,271,0,100,26,Male,White,United Kingdom,United Kingdom,United Kingdom,English,DATA_EXPIRED,DATA_EXPIRED
62963a511885214fa3d3530c,611e2a711b31e24b7133813c,APPROVED,2022-05-31T15:55:59.326000Z,2022-05-31T17:16:07.416000Z,2022-06-01T16:07:26.743000Z,,4809,RNFS5HP5,136,3,98,25,Male,Other,South Africa,South Africa,South Africa,Afrikaans,No,Other
62963a512f345c4e074ff63b,614468965cba9b8f734f0d60,APPROVED,2022-05-31T15:54:57.433000Z,2022-05-31T16:39:03.179000Z,2022-06-01T16:07:26.946000Z,,2646,RNFS5HP5,165,2,100,23,Male,Mixed,South Africa,South Africa,South Africa,English,DATA_EXPIRED,Unemployed (and job seeking)
62963a521437285a53e57361,5c7171ddbc6ab00001d7ad90,APPROVED,2022-05-31T15:55:00.992000Z,2022-05-31T17:25:54.505000Z,2022-06-01T16:07:27.143000Z,,5454,RNFS5HP5,82,3,97,26,Female,Mixed,Mexico,Mexico,Mexico,Spanish,No,Full-Time
62963a529904845ddbb5350d,5f7d002d141e4e1c0e84e98e,APPROVED,2022-05-31T15:55:00.250000Z,2022-05-31T16:36:58.747000Z,2022-06-01T16:07:27.351000Z,,2519,RNFS5HP5,444,0,100,44,Female,White,Italy,Italy,Italy,Italian,Yes,Full-Time
62963a52e085c931ca97d194,60ecb41a4a9023db55e9c061,APPROVED,2022-05-31T15:55:53.640000Z,2022-05-31T16:52:27.658000Z,2022-06-01T16:07:27.568000Z,,3395,RNFS5HP5,130,0,100,32,Male,White,Bosnia and Herzegovina,Austria,Croatia,Croatian,No,Part-Time
62963a535d0c051b670dd6d3,615244e111aefca2b42a35f9,APPROVED,2022-05-31T15:55:27.771000Z,2022-05-31T16:45:44.184000Z,2022-06-01T16:07:27.815000Z,,3017,RNFS5HP5,350,1,100,31,Female,Mixed,Egypt,United Kingdom,Egypt,Arabic,No,Unemployed (and job seeking)
62963a538d9f24c3ea84b187,602d29200724e36ae7a9def2,APPROVED,2022-05-31T15:55:03.283000Z,2022-05-31T17:16:33.214000Z,2022-06-01T16:07:29.141000Z,,4890,RNFS5HP5,389,10,98,37,DATA_EXPIRED,DATA_EXPIRED,DATA_EXPIRED,South Africa,DATA_EXPIRED,French,DATA_EXPIRED,DATA_EXPIRED
62963a538f324bed137d642d,610185b659db06a83c4e634a,APPROVED,2022-05-31T15:55:14.237000Z,2022-05-31T16:46:05.494000Z,2022-06-01T16:07:29.410000Z,,3052,RNFS5HP5,228,1,100,23,Female,White,France,France,France,French,Yes,DATA_EXPIRED
62963a5390fe1d78cae1fac1,60b9b66f3b3795d796a82ee6,APPROVED,2022-05-31T15:55:23.163000Z,2022-05-31T16:39:37.202000Z,2022-06-01T16:07:29.876000Z,,2655,RNFS5HP5,281,1,100,28,Male,White,Greece,United Kingdom,Greece,Greek,Yes,Full-Time
62963a545163fd55aa7875f6,6099132b6d152b812fdc911c,APPROVED,2022-05-31T15:55:16.333000Z,2022-05-31T16:30:37.011000Z,2022-06-01T16:07:30.881000Z,,2121,RNFS5HP5,188,1,100,21,Male,Asian,Italy,Italy,Italy,Italian,DATA_EXPIRED,Unemployed (and job seeking)
62963a54562207f1bed8aeae,611bb2a6d9678117db737236,APPROVED,2022-05-31T15:55:04.377000Z,2022-05-31T16:37:34.975000Z,2022-06-01T16:07:31.328000Z,,2551,RNFS5HP5,276,3,99,23,Male,White,Spain,Spain,Spain,Catalan,No,Due to start a new job within the next month
62963a54fc9aa9bf2de5da98,60e0e2d9a207ba546969b432,APPROVED,2022-05-31T15:55:09.597000Z,2022-05-31T16:36:28.275000Z,2022-06-01T16:07:32.227000Z,,2479,RNFS5HP5,227,0,100,23,Female,White,United Kingdom,United Kingdom,United Kingdom,English,No,Full-Time
62963a552f345c4e074ff63f,60ddfb3db6a71ad9ba75e387,APPROVED,2022-05-31T15:55:50.861000Z,2022-05-31T16:41:00.859000Z,2022-06-01T16:07:32.513000Z,,2710,RNFS5HP5,436,1,100,19,Male,White,Hungary,Hungary,Hungary,Hungarian,Yes,Unemployed (and job seeking)
62963a5539b95210e21c67b1,60ec51c51a3158a50ded8a3e,APPROVED,2022-05-31T15:55:15.842000Z,2022-05-31T16:34:54.811000Z,2022-06-01T16:07:32.649000Z,,2379,RNFS5HP5,266,2,100,19,Male,White,Poland,Poland,Poland,Polish,Yes,Part-Time
62963a55d8cf213284913214,5f516d96bf6cde3b04b94b69,APPROVED,2022-05-31T15:55:01.527000Z,2022-05-31T17:03:34.350000Z,2022-06-01T16:07:32.804000Z,,4113,RNFS5HP5,577,4,99,31,Male,White,Canada,Canada,Canada,English,No,Full-Time
62963a55df8e7a16db705735,5faab9fa1c6cce487d370981,APPROVED,2022-05-31T15:55:01.096000Z,2022-05-31T16:42:53.263000Z,2022-06-01T16:07:32.956000Z,,2873,RNFS5HP5,243,0,100,20,Male,White,Poland,Poland,Poland,Polish,Yes,Unemployed (and job seeking)
62963a563aebda212f2e5927,609a54b96c38edbbf5e48251,APPROVED,2022-05-31T15:55:02.581000Z,2022-05-31T16:38:16Z,2022-06-01T16:07:33.166000Z,,2594,RNFS5HP5,150,0,100,21,Female,White,Portugal,Portugal,Portugal,Portuguese,Yes,Unemployed (and job seeking)
62963a567ee8665a513cf0e1,5f806f22e8159d0913945e35,APPROVED,2022-05-31T15:55:02.268000Z,2022-05-31T16:53:40.512000Z,2022-06-01T16:07:33.343000Z,,3519,RNFS5HP5,145,0,100,28,Male,White,Hungary,Hungary,Hungary,Hungarian,DATA_EXPIRED,DATA_EXPIRED
62963a56c3c73c250f0359af,61278ed955c9c0f27457ae1b,APPROVED,2022-05-31T15:55:06.959000Z,2022-05-31T16:51:30.738000Z,2022-06-01T16:07:33.490000Z,,3384,RNFS5HP5,173,5,97,26,Male,Black,South Africa,South Africa,South Africa,English,No,Other
62963a57533cf7280b0cf8d1,60da187630a6c49f4f44d058,APPROVED,2022-05-31T15:55:03.728000Z,2022-05-31T16:35:58.122000Z,2022-06-01T16:07:33.673000Z,,2455,RNFS5HP5,237,0,100,25,Male,White,Italy,Italy,Italy,Italian,Yes,Due to start a new job within the next month
62963a575fd24b4fc1604f05,60ca0a178a861accb4161f1b,APPROVED,2022-05-31T15:55:03.523000Z,2022-05-31T16:30:21.634000Z,2022-06-01T16:07:33.841000Z,,2119,RNFS5HP5,157,1,100,21,Female,White,Slovenia,Slovenia,Slovenia,Slovenian,Yes,Other
62963a57ab771bd67de16b2d,5c38d25078687a0001db8633,APPROVED,2022-05-31T15:55:05.155000Z,2022-05-31T16:37:15.606000Z,2022-06-01T16:07:33.990000Z,,2531,RNFS5HP5,646,2,100,36,Female,White,Italy,Italy,Italy,Italian,No,Part-Time
62963a57c533080af515cb4f,6069dc93673768fac8822472,APPROVED,2022-05-31T15:55:03.072000Z,2022-05-31T16:32:49.625000Z,2022-06-01T16:07:34.147000Z,,2267,RNFS5HP5,153,3,99,22,Male,White,Poland,Poland,Poland,Polish,Yes,Other
62963a580bb9311948a0d30e,5eea1be10e95520beb9fa654,APPROVED,2022-05-31T15:55:04.271000Z,2022-05-31T16:39:50.169000Z,2022-06-01T16:07:34.382000Z,,2686,RNFS5HP5,1317,3,100,54,Male,White,United Kingdom,United Kingdom,United Kingdom,English,No,Full-Time
62963a58959f9da4870f051d,5e5aa39b15b8d429d07abfd4,APPROVED,2022-05-31T15:55:09.601000Z,2022-05-31T16:43:34.548000Z,2022-06-01T16:07:34.631000Z,,2905,RNFS5HP5,889,11,98,57,Female,White,United Kingdom,United Kingdom,United Kingdom,English,No,Part-Time
62963a58a50ba5c3dbc7b7e1,602f69ce775c55c4b3ceeabb,APPROVED,2022-05-31T15:55:04.037000Z,2022-05-31T16:38:55.334000Z,2022-06-01T16:07:34.822000Z,,2632,RNFS5HP5,234,1,100,20,Male,White,Poland,Poland,Poland,Polish,Yes,Other
62963a5942a62b91101fd533,60c048ca962103e0da201a34,APPROVED,2022-05-31T15:55:09.021000Z,2022-05-31T16:49:59.202000Z,2022-06-01T16:07:34.909000Z,,3291,RNFS5HP5,503,9,99,39,Female,White,United Kingdom,South Africa,United Kingdom,English,No,Other
62963a59a733fbfbd03d6e2a,60087e9189ddb34b79b08be5,APPROVED,2022-05-31T15:55:05.134000Z,2022-05-31T17:47:25.614000Z,2022-06-01T16:07:35.081000Z,,6741,RNFS5HP5,343,0,100,27,Male,White,Poland,Poland,Poland,Polish,DATA_EXPIRED,DATA_EXPIRED
62963a5a1ad890c42bdce8cd,616ffbfe7b44b1236b1fc24e,APPROVED,2022-05-31T15:55:06.580000Z,2022-05-31T16:37:19.548000Z,2022-06-01T16:07:35.265000Z,,2533,RNFS5HP5,218,5,97,22,Male,Asian,Finland,Finland,Finland,Finnish,Yes,Part-Time
62963a5a33da8c4c7fe6aeff,60ddc6cf3e04111115200984,APPROVED,2022-05-31T15:55:06.405000Z,2022-05-31T16:38:31.048000Z,2022-06-01T16:07:35.358000Z,,2605,RNFS5HP5,227,1,100,54,Male,White,Poland,Poland,Poland,Polish,No,Full-Time
62963a5a9b74c88eef9f08ce,5f7506afbadfcf169784f466,APPROVED,2022-05-31T15:55:06.210000Z,2022-05-31T16:39:13.156000Z,2022-06-01T16:07:35.529000Z,,2647,RNFS5HP5,96,1,99,23,Female,White,Brazil,Portugal,Brazil,Portuguese,No,DATA_EXPIRED
62963a5d1c4ae760993552a4,5d82de0beecd2a000198dd3a,APPROVED,2022-05-31T16:03:46.554000Z,2022-05-31T16:54:28.953000Z,2022-06-01T16:07:35.617000Z,,3043,RNFS5HP5,250,0,100,DATA_EXPIRED,DATA_EXPIRED,DATA_EXPIRED,DATA_EXPIRED,DATA_EXPIRED,DATA_EXPIRED,DATA_EXPIRED,DATA_EXPIRED,DATA_EXPIRED
62963a652c0403451c11e4a9,5d3ef33e8da0790017c90e08,APPROVED,2022-05-31T15:55:17.897000Z,2022-05-31T16:34:17.781000Z,2022-06-01T16:07:35.742000Z,,2340,RNFS5HP5,614,1,100,32,Male,White,United Kingdom,United Kingdom,United Kingdom,English,No,Full-Time
62963aa708ae0634958744dd,5e57a0020c3c6a14a1624031,APPROVED,2022-05-31T15:56:26.268000Z,2022-05-31T16:36:36.046000Z,2022-06-01T16:07:42.209000Z,,2410,RNFS5HP5,565,2,100,29,Male,White,Hungary,Hungary,Hungary,Hungarian,No,"Not in paid work (e.g. homemaker', 'retired or disabled)"
62961f14d5aa9ab83a4e0af0,61112541376220d2cea05e44,APPROVED,2022-05-31T13:58:47.596000Z,2022-05-31T14:38:34.254000Z,2022-06-01T16:07:35.816000Z,,2387,NOCODE,42,1,99,22,Female,White,Portugal,Portugal,Portugal,Portuguese,DATA_EXPIRED,Full-Time
62961f16cf79b6e3bed2c009,60d6132cd85bce1483291f56,APPROVED,2022-05-31T13:58:46.121000Z,2022-05-31T14:54:07.888000Z,2022-05-31T15:08:00.418000Z,,3322,NOCODE,111,2,97,59,Male,White,South Africa,South Africa,South Africa,Afrikaans,No,Full-Time
62961f1bcf79b6e3bed2c00a,616db113a87ceedca7fbf94a,APPROVED,2022-05-31T13:58:51.985000Z,2022-05-31T14:53:10.272000Z,2022-05-31T15:08:53.087000Z,,3259,NOCODE,69,1,100,21,Female,White,Portugal,Portugal,Portugal,Portuguese,Yes,Part-Time
62961f23d9a509d68c26962c,615f30408144b09278b6f958,APPROVED,2022-05-31T13:58:59.610000Z,2022-05-31T14:57:29.401000Z,2022-06-01T16:07:35.955000Z,,3510,NOCODE,77,0,100,24,Female,Black,South Africa,South Africa,South Africa,English,No,DATA_EXPIRED
62961f297abdbbb2cea8dfb5,614e3ca8734f6c8b0bbdcb87,APPROVED,2022-05-31T13:59:18.146000Z,2022-05-31T15:22:04.697000Z,2022-06-01T16:07:36.093000Z,,4967,NOCODE,32,1,99,21,Female,Black,South Africa,South Africa,South Africa,English,Yes,Other
62961f5c93073fa18e8dc966,6163ff503beed553308638c7,APPROVED,2022-05-31T13:59:56.235000Z,2022-05-31T14:40:55.587000Z,2022-06-01T16:07:36.345000Z,,2460,NOCODE,69,3,97,21,Female,White,South Africa,South Africa,South Africa,English,Yes,Part-Time
62961f60e5c831c92efe7d2d,613a9b39928d81d5ce5a3f7c,APPROVED,2022-05-31T14:00:07.332000Z,2022-05-31T15:39:26.860000Z,2022-06-01T16:07:36.433000Z,,5960,NOCODE,62,0,100,27,Female,Mixed,Mexico,Mexico,Mexico,Spanish,Yes,Part-Time
62961f94c542861a1d782d2f,6028587755736d18c83410bf,APPROVED,2022-05-31T14:00:57.412000Z,2022-05-31T14:45:24.961000Z,2022-06-01T16:07:36.592000Z,,2668,NOCODE,68,1,100,36,Male,White,Portugal,Portugal,Portugal,Portuguese,No,Full-Time
62961f9941395c4eb4a461b3,60fbfee6056f2a31423d9c07,APPROVED,2022-05-31T14:01:01.573000Z,2022-05-31T15:11:00.618000Z,2022-06-01T16:07:36.774000Z,,4200,NOCODE,49,0,100,36,Male,White,South Africa,South Africa,South Africa,English,No,Part-Time
62963abb915134118f9e7734,60ef5b1cf52939a80af77543,APPROVED,2022-05-31T15:57:43.517000Z,2022-05-31T16:45:50.832000Z,2022-06-01T16:07:36.895000Z,,2888,RNFS5HP5,292,3,100,19,Male,White,Hungary,Hungary,Hungary,Hungarian,Yes,Other
62963abcb1d64dccbce8e033,615d5b821a79847e2b342374,APPROVED,2022-05-31T15:56:49.043000Z,2022-05-31T17:11:21.744000Z,2022-06-01T16:07:37.017000Z,,4473,RNFS5HP5,83,2,99,20,Male,White,Hungary,Hungary,Hungary,Hungarian,Yes,Part-Time
62963abcb85bedd2d8379274,60979b540a2cf2468fde514b,APPROVED,2022-05-31T15:56:54.071000Z,2022-05-31T16:50:00.184000Z,2022-06-01T16:07:37.147000Z,,3187,RNFS5HP5,704,1,100,50,Female,White,United Kingdom,United Kingdom,United Kingdom,English,No,Part-Time
62963abd902da35c831a3d33,6116a378612ec47c9335f3ed,APPROVED,2022-05-31T15:56:53.886000Z,2022-05-31T16:46:30.743000Z,2022-06-01T16:07:37.382000Z,,2977,RNFS5HP5,430,5,99,33,Male,Mixed,Zimbabwe,South Africa,Zimbabwe,English,No,Full-Time
62963abf4c76a9f3c6c3f851,60fc82ec40d698e0b433e1c1,APPROVED,2022-05-31T15:57:01.054000Z,2022-05-31T16:53:41.769000Z,2022-06-01T16:07:37.479000Z,,3401,RNFS5HP5,170,0,100,23,Female,Asian,South Africa,South Africa,South Africa,English,Yes,Unemployed (and job seeking)
62963abf67fb0cefd365b7d9,613bbfebd7cdd60585f6a3a2,APPROVED,2022-05-31T16:05:59.495000Z,2022-05-31T17:49:04.911000Z,2022-06-01T16:07:37.612000Z,,6186,RNFS5HP5,264,3,99,20,Male,Mixed,Mexico,Mexico,Mexico,English,Yes,Full-Time
62963abf8f324bed137d6436,5ea96886ef7ece0604eee527,APPROVED,2022-05-31T15:57:48.052000Z,2022-05-31T16:39:29.274000Z,2022-06-01T16:07:37.703000Z,,2502,RNFS5HP5,1007,3,100,61,Male,White,United Kingdom,United Kingdom,United Kingdom,English,No,Full-Time
62963abfa733fbfbd03d6e33,5e1ce5942923360769c7af3a,APPROVED,2022-05-31T15:56:50.948000Z,2022-05-31T16:36:00.831000Z,2022-06-01T16:07:37.786000Z,,2350,RNFS5HP5,1056,4,100,33,Male,White,United Kingdom,United Kingdom,United Kingdom,English,No,Full-Time
62963abffda2699465020b82,611cb646fc99d84182086c18,APPROVED,2022-05-31T15:56:52.771000Z,2022-05-31T16:59:33.521000Z,2022-06-01T16:07:37.914000Z,,3761,RNFS5HP5,109,4,97,27,Male,Black,South Africa,South Africa,South Africa,English,No,Full-Time
62963ac02f82cc60e4863126,5f60713e595007000a8e1da7,APPROVED,2022-05-31T15:56:48.919000Z,2022-05-31T16:48:47.295000Z,2022-06-01T16:07:38.096000Z,,3119,RNFS5HP5,405,0,100,24,Male,White,Poland,Poland,Poland,Polish,Yes,Full-Time
62963ac08f324bed137d6438,61086c2bfda98ba5d75b9db4,APPROVED,2022-05-31T15:58:08.261000Z,2022-05-31T16:58:23.796000Z,2022-06-01T16:07:38.277000Z,,3616,RNFS5HP5,255,1,100,24,Female,White,Poland,Poland,Poland,Polish,Yes,Full-Time
62963ac0d610c17217249f51,617472a275f3c78a60844d68,APPROVED,2022-05-31T15:56:48.537000Z,2022-05-31T16:36:36.969000Z,2022-06-01T16:07:39.051000Z,,2389,RNFS5HP5,222,0,100,36,Male,White,Portugal,Portugal,Portugal,Portuguese,No,Full-Time
62963ac0f81ecd8769f5e161,60e9ea97d19e613e60a994da,APPROVED,2022-05-31T15:57:04.774000Z,2022-05-31T16:41:24.906000Z,2022-06-01T16:07:39.187000Z,,2661,RNFS5HP5,130,1,100,21,Male,Black,Zambia,South Africa,Zambia,English,Yes,Unemployed (and job seeking)
62963ac13bb16d5b20d4c852,603fc30024a4160d72b0f1b8,APPROVED,2022-05-31T15:57:06.843000Z,2022-05-31T16:34:36.818000Z,2022-06-01T16:07:39.289000Z,,2250,RNFS5HP5,239,0,100,24,Female,White,Estonia,Estonia,Estonia,Estonian,Yes,Full-Time
62963ac1a2aab104a1611de9,6074de03363deb52b54eccf4,APPROVED,2022-05-31T15:56:49.157000Z,2022-05-31T16:38:57.931000Z,2022-06-01T16:07:39.428000Z,,2529,RNFS5HP5,85,2,99,19,Male,White,Portugal,Portugal,Portugal,Portuguese,Yes,Other
62963ac1a857600b15a979c2,604ce6075c751bc1e1a11dd5,APPROVED,2022-05-31T15:56:55.346000Z,2022-05-31T16:48:24.700000Z,2022-06-01T16:07:40.107000Z,,3090,RNFS5HP5,569,0,100,41,Female,White,Italy,United Kingdom,Italy,Italian,No,Due to start a new job within the next month
62963ac1a99969cfd4b20663,5f653cb18aad310a9ee7c32d,APPROVED,2022-05-31T15:57:32.340000Z,2022-05-31T16:38:42.369000Z,2022-06-01T16:07:40.253000Z,,2471,RNFS5HP5,512,1,100,30,Female,White,United Kingdom,United Kingdom,United Kingdom,English,Yes,Full-Time
62963ac259692c7820fb37f9,609594df07c06a009e5e1c1d,APPROVED,2022-05-31T15:56:50.641000Z,2022-05-31T16:56:00.392000Z,2022-06-01T16:07:40.405000Z,,3550,RNFS5HP5,146,1,100,21,Male,White,Poland,Poland,Poland,Polish,Yes,DATA_EXPIRED
62963ac25ddca732a00fb1d6,5eeb4be60e1a002243b3c096,APPROVED,2022-05-31T15:56:50.450000Z,2022-05-31T16:41:31.622000Z,2022-06-01T16:07:40.553000Z,,2682,RNFS5HP5,190,2,99,22,Male,White,Poland,Poland,Poland,Polish,No,Full-Time
62963ac26c5f651ee17ee444,61687ebcd2a35ffb762d1928,APPROVED,2022-05-31T15:57:17.855000Z,2022-05-31T17:07:40.285000Z,2022-06-01T16:07:40.677000Z,,4223,RNFS5HP5,308,3,100,29,Female,Black,South Africa,South Africa,South Africa,English,Yes,Full-Time
62963ac27ce830f0d41203c1,614b7fbcc3233152845dc3c6,APPROVED,2022-05-31T15:57:00.072000Z,2022-05-31T16:49:25.146000Z,2022-06-01T16:07:40.840000Z,,3146,RNFS5HP5,115,3,96,21,Male,White,Portugal,Portugal,Portugal,Portuguese,No,Full-Time
62963ac2aa0de86792e6404e,60e4dde24ae3ef466418b19f,APPROVED,2022-05-31T15:56:50.815000Z,2022-05-31T16:41:39.234000Z,2022-06-01T16:07:40.962000Z,,2689,RNFS5HP5,302,2,100,40,Male,White,Italy,Italy,Italy,Italian,No,Full-Time
62963ac37eae2468150fac5c,605bd0169853b502f34b51c3,APPROVED,2022-05-31T15:57:00.929000Z,2022-05-31T16:35:24.701000Z,2022-06-01T16:07:41.082000Z,,2304,RNFS5HP5,150,2,100,25,Male,Mixed,Poland,Poland,Poland,Polish,DATA_EXPIRED,DATA_EXPIRED
62963ac38395c687a8881f90,6086bce92a8e1c219a9120c5,APPROVED,2022-05-31T15:57:25.737000Z,2022-05-31T16:44:25.174000Z,2022-06-01T16:07:41.267000Z,,2820,RNFS5HP5,242,9,96,26,Male,White,Portugal,Portugal,Portugal,Portuguese,No,Full-Time
62963ac3b545eb09d6bd1576,6172c19ff79e4bec69b80c10,APPROVED,2022-05-31T15:56:58.607000Z,2022-05-31T16:39:42.930000Z,2022-06-01T16:07:41.402000Z,,2565,RNFS5HP5,195,4,99,29,Male,Mixed,Mexico,Mexico,Mexico,Spanish,No,Full-Time
62963ac3c3222531eb92bfef,6050def7e8e7c6c1efb45fac,APPROVED,2022-05-31T15:57:04.848000Z,2022-05-31T17:01:08.756000Z,2022-06-01T16:07:41.737000Z,,3844,RNFS5HP5,186,1,100,30,Male,White,Portugal,Portugal,Portugal,Portuguese,No,Unemployed (and job seeking)
62963ac436d422824dcf42be,60535adfff835194160cd3bb,APPROVED,2022-05-31T15:56:55.291000Z,2022-05-31T16:40:56.915000Z,2022-06-01T16:07:41.839000Z,,2642,RNFS5HP5,769,6,99,59,Male,White,United Kingdom,United Kingdom,United Kingdom,English,DATA_EXPIRED,DATA_EXPIRED
62963ac453bb9ba185c74509,5f3ee8fb5f0cc21a519fb0c2,APPROVED,2022-05-31T15:56:52.520000Z,2022-05-31T16:44:38.159000Z,2022-06-01T16:07:41.934000Z,,2866,RNFS5HP5,187,1,100,22,Male,White,Portugal,Portugal,Portugal,Portuguese,Yes,Part-Time
62963ac473dbd304c33c7438,60fdb9bad55eb8c5b67f18f4,APPROVED,2022-05-31T15:57:12.022000Z,2022-05-31T16:46:53.280000Z,2022-06-01T16:07:42.084000Z,,2982,RNFS5HP5,357,0,100,28,Female,White,Netherlands,Netherlands,Netherlands,Dutch,No,Part-Time
62963ac4d58c8c28b1833181,6171b1bc917dfe828a3130dd,APPROVED,2022-05-31T15:56:52.728000Z,2022-05-31T16:41:16.064000Z,2022-06-01T16:07:44.058000Z,,2664,RNFS5HP5,239,1,100,25,Female,White,Poland,Poland,Poland,Polish,No,Full-Time
62963ac4f4934479114e78ec,609149626cec7ae4d533b9b0,APPROVED,2022-05-31T15:56:52.884000Z,2022-05-31T17:06:10.968000Z,2022-06-01T16:07:44.197000Z,,4159,RNFS5HP5,70,1,99,20,Male,White,Poland,Poland,Poland,Polish,Yes,"Not in paid work (e.g. homemaker', 'retired or disabled)"
62963ac5adacb2c41b244834,5e5eb4843accc91e2443212f,APPROVED,2022-05-31T15:56:53.802000Z,2022-05-31T17:01:41.097000Z,2022-06-01T16:07:44.337000Z,,3888,RNFS5HP5,295,1,100,19,Female,White,Portugal,Portugal,Portugal,Portuguese,Yes,Unemployed (and job seeking)
62963ac5b0e553f120cfa022,5a86e1a4eea3d300016e7981,APPROVED,2022-05-31T15:56:57.231000Z,2022-05-31T16:42:06.091000Z,2022-06-01T16:07:44.425000Z,,2709,RNFS5HP5,1144,11,99,44,Female,White,United Kingdom,United Kingdom,United Kingdom,English,No,Part-Time
62963ac5e38bd7d3a749e6fc,5d069530ad18d40019bb768f,APPROVED,2022-05-31T15:56:53.345000Z,2022-05-31T16:33:12.557000Z,2022-06-01T16:07:44.592000Z,,2180,RNFS5HP5,327,3,99,29,Male,White,Greece,Greece,Greece,Greek,No,Due to start a new job within the next month
62963ac5eae079db6c9f520b,627e7906b82dabdbe672cdd1,APPROVED,2022-05-31T15:56:58.736000Z,2022-05-31T16:46:27.829000Z,2022-06-01T16:07:44.708000Z,,2970,RNFS5HP5,202,0,100,66,Male,White,Germany,Germany,Germany,German,No,DATA_EXPIRED
62963ac62c453a9479baf2d4,615fe53328089522ce2661ed,APPROVED,2022-05-31T15:56:54.679000Z,2022-05-31T16:40:24.029000Z,2022-06-01T16:07:44.868000Z,,2610,RNFS5HP5,146,0,100,24,Female,Black,South Africa,South Africa,South Africa,English,No,Full-Time
62963ac6328cfd0111379e14,60f2c01eda767e48b6c2830a,APPROVED,2022-05-31T15:56:54.426000Z,2022-05-31T16:41:53.228000Z,2022-06-01T16:07:44.971000Z,,2699,RNFS5HP5,393,5,99,25,Male,White,Austria,Austria,Austria,German,No,Full-Time
62963ac6fba80c6dfa7bdc6e,5c845031d6a29e00162edf7d,APPROVED,2022-05-31T15:56:59.258000Z,2022-05-31T16:46:44.933000Z,2022-06-01T16:07:45.087000Z,,2986,RNFS5HP5,792,9,98,42,Male,White,United Kingdom,United Kingdom,United Kingdom,English,No,Full-Time
62963ac70bb9311948a0d318,5fe24ba323b19bdc9d2f2d18,APPROVED,2022-05-31T15:56:55.759000Z,2022-05-31T16:40:00.994000Z,2022-06-01T16:07:45.216000Z,,2586,RNFS5HP5,128,2,98,22,Male,White,Greece,Greece,Greece,Greek,Yes,"Not in paid work (e.g. homemaker', 'retired or disabled)"
62963ac7a79ad8504e09f62b,56de005e6893b5000ce95d71,APPROVED,2022-05-31T15:56:59.772000Z,2022-05-31T17:04:38.355000Z,2022-06-01T16:07:45.321000Z,,4059,RNFS5HP5,2174,29,98,47,Female,White,United Kingdom,United Kingdom,United Kingdom,English,No,Full-Time
62963d2443d68768688cff32,5db31089a1f8d3000c10a6c5,APPROVED,2022-05-31T16:07:03.472000Z,2022-05-31T16:55:07.564000Z,2022-06-01T16:07:45.476000Z,,2885,RNFS5HP5,1192,15,98,60,Female,White,United Kingdom,United Kingdom,United Kingdom,English,No,Part-Time
